Trap_Location,Date,_FREQ_,avg,error,lower,upper
Border,3/11/2015,3,4.666666667,0.333333333,4.333333333,5
Border,3/17/2015,6,4.083333333,1.922936605,2.160396729,6.006269938
Border,3/24/2015,3,1,0.577350269,0.422649731,1.577350269
Border,3/25/2015,6,7.729166667,2.983708659,4.745458008,10.71287533
Border,3/26/2015,3,3.666666667,0.666666667,3,4.333333333
Border,3/31/2015,6,3.833333333,1.922093766,1.911239568,5.755427099
Border,4/1/2015,6,7.166666667,2.713136766,4.453529901,9.879803433
Border,4/2/2015,6,5.333333333,1.452966315,3.880367019,6.786299648
Border,4/7/2015,6,3.833333333,1.887090647,1.946242686,5.720423981
Border,4/8/2015,3,7,2.516611478,4.483388522,9.516611478
Border,4/9/2015,6,5.666666667,1.960725489,3.705941177,7.627392156
Border,4/14/2015,9,6.777777778,2.52090029,4.256877488,9.298678068
Border,4/15/2015,6,8,2.19089023,5.80910977,10.19089023
Border,4/16/2015,6,6.166666667,3.300673332,2.865993335,9.467339999
Border,4/20/2015,3,0.636363636,0.367404717,0.26895892,1.003768353
Border,4/21/2015,9,1.444444444,1.094317534,0.350126911,2.538761978
Border,4/22/2015,6,6.666666667,1.382429424,5.284237243,8.04909609
Border,4/23/2015,8,4.041666667,1.725666998,2.315999669,5.767333664
Border,4/28/2015,9,2.888888889,1.072955995,1.815932894,3.961844884
Border,4/29/2015,6,0.833333333,0.477260702,0.356072631,1.310594035
Border,4/30/2015,9,7.222222222,1.9845079,5.237714322,9.206730122
Border,5/5/2015,3,0.666666667,0.666666667,0,1.333333333
Border,5/6/2015,15,4.497222222,1.4182558,3.078966422,5.915478022
Border,5/7/2015,6,2.5,1.258305739,1.241694261,3.758305739
Border,5/12/2015,9,7.5,3.605872268,3.894127732,11.10587227
Border,5/13/2015,6,2,0.447213595,1.552786405,2.447213595
Border,5/14/2015,8,3.390625,0.902451244,2.488173756,4.293076244
Border,5/19/2015,9,6.555555556,2.76441229,3.791143266,9.319967845
Border,5/20/2015,6,0.666666667,0.210818511,0.455848156,0.877485177
Border,5/21/2015,5,6.9,1.187434209,5.712565791,8.087434209
Border,5/26/2015,15,0.42,0.196148092,0.223851908,0.616148092
Border,5/28/2015,3,7,4.041451884,2.958548116,11.04145188
Border,5/29/2015,6,0.583333333,0.379839147,0.203494186,0.963172481
Border,6/2/2015,12,0.75,0.459536987,0.290463013,1.209536987
Border,6/4/2015,8,0,0,0,0
Border,6/9/2015,12,4.643055556,1.326049325,3.317006231,5.96910488
Border,6/11/2015,9,1,0.577350269,0.422649731,1.577350269
Border,6/16/2015,14,2.428571429,0.775406917,1.653164512,3.203978346
Border,6/18/2015,8,6.5,2.163000561,4.336999439,8.663000561
Border,6/23/2015,15,5.266666667,1.478308772,3.788357895,6.744975439
Border,6/25/2015,6,12.5,3.490463198,9.009536802,15.9904632
Border,6/27/2015,2,13.02777778,2.527777778,10.5,15.55555556
Border,6/30/2015,13,2.230769231,0.817703524,1.413065707,3.048472755
Border,7/2/2015,9,11.38888889,3.585791577,7.803097312,14.97468047
Border,7/7/2015,8,16.275,5.068098756,11.20690124,21.34309876
Border,7/9/2015,12,2.916666667,0.883307922,2.033358745,3.799974588
Border,7/12/2015,3,1.361111111,0.388888889,0.972222222,1.75
Border,7/14/2015,12,4.9,1.611981653,3.288018347,6.511981653
Border,7/16/2015,8,14.96527778,4.230398015,10.73487976,19.19567579
Border,7/21/2015,14,3.452380952,1.097997356,2.354383596,4.550378308
Border,7/23/2015,9,4.965277778,0.776940273,4.188337504,5.742218051
Border,7/28/2015,15,2.066666667,0.864466071,1.202200596,2.931132737
Border,7/30/2015,9,5.222222222,1.372121004,3.850101218,6.594343226
Border,8/4/2015,15,2,0.723746864,1.276253136,2.723746864
Border,8/6/2015,9,1.222222222,0.493788579,0.728433643,1.716010801
Border,8/11/2015,15,2.666666667,0.865567068,1.801099599,3.532233735
Border,8/13/2015,9,1.555555556,0.647883544,0.907672012,2.203439099
Border,8/18/2015,6,0,0,0,0
Border,8/19/2015,9,4.180555556,1.404684485,2.77587107,5.585240041
Border,8/20/2015,9,2.222222222,0.521157307,1.701064916,2.743379529
Border,8/30/2015,23,1.682674572,0.343926279,1.338748292,2.026600851
Border,9/1/2015,6,0.083333333,0.083333333,-1.38778E-17,0.166666667
Border,9/2/2015,9,1.901234568,0.662394864,1.238839704,2.563629432
Border,9/3/2015,9,2.138888889,1.537218307,0.601670582,3.676107196
Border,9/7/2015,24,1.220138889,0.397437924,0.822700965,1.617576813
Border,9/15/2015,6,1.020833333,0.655439314,0.365394019,1.676272647
Border,9/16/2015,9,6.135802469,1.434411712,4.701390757,7.570214182
Border,9/17/2015,9,0.855555556,0.345652005,0.50990355,1.201207561
Border,9/21/2015,24,5.575694444,1.186865764,4.388828681,6.762560208
Border,9/29/2015,6,5.541666667,3.152159753,2.389506913,8.69382642
Border,9/30/2015,9,6.395061728,3.317044104,3.078017624,9.712105832
Border,10/1/2015,9,6.222222222,1.311887717,4.910334505,7.534109939
Border,10/13/2015,6,2.583333333,1.650336666,0.932996667,4.233669999
Border,10/14/2015,9,9.444444444,4.170368726,5.274075719,13.61481317
Border,10/15/2015,9,8.833333333,3.156782821,5.676550513,11.99011615
Border,10/18/2015,3,2.333333333,0.466666667,1.866666667,2.8
Border,10/19/2015,21,11.77777778,3.01554051,8.762237268,14.79331829
Border,10/27/2015,6,9.625,5.096707513,4.528292487,14.72170751
Border,10/28/2015,9,15.03703704,4.049759091,10.98727795,19.08679613
Border,10/29/2015,9,29.71111111,5.497106422,24.21400469,35.20821753
Border,11/2/2015,24,18.80277778,4.833912558,13.96886522,23.63669034
Border,11/10/2015,6,20.27083333,6.634695474,13.63613786,26.90552881
Border,11/11/2015,9,24.45679012,6.462152248,17.99463788,30.91894237
Border,11/12/2015,9,51.95555556,7.526381584,44.42917397,59.48193714
Border,11/16/2015,24,7.894444444,1.493875267,6.400569178,9.388319711
Border,11/24/2015,6,6.416666667,2.376680692,4.039985975,8.793347359
Border,11/25/2015,9,11.2345679,3.333047541,7.90152036,14.56761544
Border,11/26/2015,9,23.56666667,6.84864139,16.71802528,30.41530806
Border,11/30/2015,24,51.93611111,11.174553,40.76155811,63.11066411
Border,12/8/2015,6,12.54166667,3.633562684,8.908103983,16.17522935
Border,12/9/2015,9,29.98765432,10.87430436,19.11334996,40.86195868
Border,12/10/2015,9,15.86666667,6.48943586,9.377230807,22.35610253
Border,12/16/2015,24,21.70486111,4.55532444,17.14953667,26.26018555
Border,12/22/2015,24,31.84027778,7.881957213,23.95832056,39.72223499
Border,12/30/2015,24,12.50520833,2.781730633,9.7234777,15.28693897
Border,1/5/2016,24,15.45833333,4.441007691,11.01732564,19.89934102
Border,1/11/2016,24,34.5625,6.825867936,27.73663206,41.38836794
Border,1/19/2016,6,9.333333333,3.851767271,5.481566062,13.1851006
Border,1/20/2016,9,22.98765432,6.373127215,16.61452711,29.36078154
Border,1/21/2016,9,15.55555556,6.390924796,9.164630759,21.94648035
Border,1/27/2016,24,24.90277778,5.90747167,18.99530611,30.81024945
Border,2/2/2016,6,1.75,0.260874597,1.489125403,2.010874597
Border,2/3/2016,9,4.777777778,1.412029447,3.36574833,6.189807225
Border,2/4/2016,9,10.30555556,2.966472892,7.339082663,13.27202845
Border,2/10/2016,23,2.56884058,0.47351495,2.09532563,3.04235553
Border,2/16/2016,6,4.083333333,1.557984215,2.525349118,5.641317549
Border,2/17/2016,9,13.77777778,3.443100096,10.33467768,17.22087787
Border,2/18/2016,9,9.041666667,2.351491843,6.690174823,11.39315851
Border,2/24/2016,24,10.77777778,2.443336393,8.334441385,13.22111417
Border,3/1/2016,6,4.861111111,1.182759381,3.67835173,6.043870492
Border,3/2/2016,9,9.111111111,1.522465512,7.588645599,10.63357662
Border,3/3/2016,8,9.625,2.513246158,7.111753842,12.13824616
Border,3/10/2016,24,9.561921296,2.316526789,7.245394507,11.87844809
Border,3/14/2016,3,19.25,9.743587635,9.506412365,28.99358763
Border,3/15/2016,6,3.733333333,1.519356589,2.213976744,5.252689922
Border,3/16/2016,9,3.888888889,0.952579344,2.936309544,4.841468233
Border,3/17/2016,9,14,4.092676386,9.907323614,18.09267639
Border,3/23/2016,24,2.854166667,0.611380389,2.242786277,3.465547056
Border,3/29/2016,24,1.895833333,0.420251786,1.475581547,2.31608512
Border,4/5/2016,6,0,0,0,0
Border,4/6/2016,9,0.875,0.483674449,0.391325551,1.358674449
Border,4/7/2016,9,2.50617284,0.632105999,1.87406684,3.138278839
Border,4/13/2016,24,1.104166667,0.310318472,0.793848194,1.414485139
Border,4/20/2016,24,1.708333333,0.494459032,1.213874301,2.202792365
Border,4/27/2016,15,0.6,0.4,0.2,1
Border,4/28/2016,9,1.263888889,0.876349268,0.387539621,2.140238157
Border,5/5/2016,23,0.99673913,0.299576877,0.697162253,1.296316007
Border,5/19/2016,9,1.944444444,0.761232756,1.183211689,2.7056772
Border,5/20/2016,15,1.367536232,0.467794478,0.899741753,1.83533071
Border,5/26/2016,9,1.111111111,0.309320242,0.801790869,1.420431353
Border,5/27/2016,15,0.866666667,0.290593263,0.576073404,1.15725993
Border,6/2/2016,9,4.666666667,1.269295518,3.397371149,5.935962184
Border,6/3/2016,14,4.142857143,1.470804306,2.672052837,5.613661449
Border,6/9/2016,9,1.222222222,0.323941772,0.89828045,1.546163994
Border,6/10/2016,15,1.4,0.375436254,1.024563746,1.775436254
Border,6/16/2016,9,3.222222222,1.05116044,2.171061782,4.273382663
Border,6/17/2016,12,2.916666667,0.72256208,2.194104587,3.639228747
Border,6/23/2016,8,5.75,0.901387819,4.848612181,6.651387819
Border,6/24/2016,14,9.392857143,2.819758861,6.573098282,12.212616
Border,7/1/2016,8,33.84791667,9.196634018,24.65128265,43.04455068
Border,7/2/2016,15,12.48333333,4.012904531,8.470428802,16.49623786
Border,7/8/2016,7,28.34285714,13.1617566,15.18110055,41.50461374
Border,7/9/2016,15,4.666666667,1.629100443,3.037566223,6.29576711
Border,7/15/2016,9,28,6.92820323,21.07179677,34.92820323
Border,7/16/2016,15,6.666666667,1.901544902,4.765121764,8.568211569
Border,7/22/2016,9,16.33333333,6.812977812,9.520355521,23.14631115
Border,7/23/2016,14,3.714285714,1.311104607,2.403181107,5.025390321
Border,7/30/2016,9,3.791666667,1.391161335,2.400505331,5.182828002
Border,7/31/2016,14,3.675,1.795654477,1.879345523,5.470654477
Border,11/9/2016,12,4.041666667,1.194143432,2.847523235,5.235810098
Border,11/16/2016,12,12.91666667,2.447813908,10.46885276,15.36448057
Border,11/23/2016,21,19.42857143,3.044566924,16.3840045,22.47313835
Border,12/14/2016,21,18,2.312606354,15.68739365,20.31260635
Border,12/20/2016,21,67.44444444,7.200651548,60.2437929,74.64509599
Border,1/3/2017,21,33.30952381,2.775204023,30.53431979,36.08472783
Border,1/10/2017,3,6.666666667,1.855921454,4.810745212,8.522588121
Border,1/11/2017,18,22.70138889,3.145701674,19.55568722,25.84709056
Border,1/17/2017,21,23.3015873,3.815635805,19.4859515,27.11722311
Border,1/24/2017,6,7.666666667,2.577681991,5.088984676,10.24434866
Border,1/25/2017,9,12.05555556,1.831807025,10.22374853,13.88736258
Border,1/26/2017,6,26.31481481,5.054225846,21.26058897,31.36904066
Border,1/31/2017,3,10.33333333,1.855921454,8.477411879,12.18925479
Border,2/1/2017,15,17.56666667,4.111565826,13.45510084,21.67823249
Border,2/2/2017,3,3.111111111,0.777777778,2.333333333,3.888888889
Border,2/7/2017,12,21.21388889,6.058533868,15.15535502,27.27242276
Border,2/8/2017,6,20.66666667,6.47902599,14.18764068,27.14569266
Border,2/9/2017,3,4.666666667,1.796200837,2.870465829,6.462867504
Border,2/14/2017,12,15.5,2.68694938,12.81305062,18.18694938
Border,2/15/2017,6,34.33333333,10.17731683,24.15601651,44.51065016
Border,2/16/2017,3,10.66666667,1.855921454,8.810745212,12.52258812
Border,2/21/2017,3,15.66666667,8.685876147,6.980790519,24.35254281
Border,2/22/2017,6,26.83333333,7.824818067,19.00851527,34.6581514
Border,2/23/2017,12,13.05555556,1.070250363,11.98530519,14.12580592
Border,2/28/2017,3,11.66666667,2.666666667,9,14.33333333
Border,3/1/2017,15,24.08888889,5.660754775,18.42813411,29.74964366
Border,3/2/2017,3,5.333333333,1.452966315,3.880367019,6.786299648
Border,3/7/2017,3,18,0.577350269,17.42264973,18.57735027
Border,3/8/2017,15,29.46666667,4.206419886,25.26024678,33.67308655
Border,3/9/2017,3,6,0,6,6
Border,3/15/2017,15,20.6,2.205620526,18.39437947,22.80562053
Border,3/16/2017,3,6.666666667,2.02758751,4.639079157,8.694254177
Border,3/21/2017,3,2,0.5,1.5,2.5
Border,3/22/2017,9,16.66666667,3.274480451,13.39218622,19.94114712
Border,3/23/2017,6,17.95833333,3.448832331,14.509501,21.40716566
Border,3/24/2017,3,22.81481481,7.846609011,14.9682058,30.66142383
Border,3/28/2017,3,12.33333333,3.844187532,8.489145802,16.17752086
Border,3/29/2017,9,15.27777778,3.00565311,12.27212467,18.28343089
Border,3/30/2017,9,20.43518519,3.326512923,17.10867226,23.76169811
Border,4/4/2017,6,35.23333333,5.366666667,29.86666667,40.6
Border,4/5/2017,9,15.44907407,2.573736822,12.87533725,18.0228109
Border,4/6/2017,6,14.14583333,2.051020241,12.09481309,16.19685357
Border,4/11/2017,3,12.44444444,2.804317659,9.640126786,15.2487621
Border,4/12/2017,12,16.63888889,5.45153244,11.18735645,22.09042133
Border,4/13/2017,6,18.92592593,2.787489197,16.13843673,21.71341512
Border,4/18/2017,9,14.26296296,1.461992177,12.80097079,15.72495514
Border,4/19/2017,9,9.074074074,1.963028475,7.111045599,11.03710255
Border,4/20/2017,3,11.375,2.020725942,9.354274058,13.39572594
Border,4/26/2017,9,12.01851852,2.866021197,9.152497321,14.88453972
Border,4/27/2017,9,16.73302469,2.262749867,14.47027482,18.99577456
Border,4/28/2017,3,9.1,1.4571662,7.6428338,10.5571662
Border,5/2/2017,9,8.05,1.950462908,6.099537092,10.00046291
Border,5/3/2017,9,5.777777778,1.639594951,4.138182826,7.417372729
Border,5/5/2017,3,1.75,0.505181486,1.244818514,2.255181486
Border,5/9/2017,9,5.111111111,1.982173642,3.128937469,7.093284753
Border,5/10/2017,12,2.266666667,0.59763845,1.669028216,2.864305117
Border,5/16/2017,9,7.574074074,2.935141371,4.638932703,10.50921545
Border,5/17/2017,12,2.541666667,0.781281565,1.760385102,3.322948232
Border,5/23/2017,6,1.666666667,1.085254706,0.58141196,2.751921373
Border,5/24/2017,12,1.489583333,0.706848656,0.782734678,2.196431989
Border,5/25/2017,3,0.291666667,0.291666667,5.55112E-17,0.583333333
Border,5/30/2017,12,2.236111111,0.634136364,1.601974747,2.870247475
Border,5/31/2017,9,1.018518519,0.493354326,0.525164192,1.511872845
Border,6/7/2017,12,2.864583333,1.157511938,1.707071396,4.022095271
Border,6/8/2017,9,1.091049383,0.261667378,0.829382004,1.352716761
Border,6/13/2017,3,0.777777778,0.777777778,-2.22045E-16,1.555555556
Border,6/14/2017,9,2.296296296,0.681421092,1.614875204,2.977717389
Border,6/15/2017,9,1.611111111,0.860354731,0.750756381,2.471465842
Border,6/19/2017,6,6.066666667,1.123882161,4.942784506,7.190548827
Border,6/20/2017,12,6.483333333,1.427109461,5.056223872,7.910442794
Border,6/21/2017,3,5,1.527525232,3.472474768,6.527525232
Border,6/27/2017,9,9.152777778,2.081955563,7.070822215,11.23473334
Border,6/28/2017,12,19.70833333,5.62736342,14.08096991,25.33569675
Border,7/3/2017,3,19.6,4.849742261,14.75025774,24.44974226
Border,7/5/2017,12,12.17708333,2.120899471,10.05618386,14.2979828
Border,7/6/2017,6,7.379166667,2.348052532,5.031114134,9.727219199
Border,7/11/2017,7,12.125,3.959356593,8.165643407,16.08435659
Border,7/12/2017,14,16.60714286,7.070044789,9.537098068,23.67718765
Border,7/18/2017,6,0.583333333,0.39849253,0.184840804,0.981825863
Border,7/19/2017,15,4.016666667,0.885386204,3.131280463,4.902052871
Border,7/25/2017,6,0,0,0,0
Border,7/26/2017,6,2.166666667,0.980362745,1.186303922,3.147029411
Border,7/27/2017,9,1.827777778,0.633736775,1.194041003,2.461514552
Border,8/1/2017,6,1.333333333,0.333333333,1,1.666666667
Border,8/2/2017,9,1.574074074,0.413050149,1.161023925,1.987124223
Border,8/3/2017,6,2.916666667,1.572771792,1.343894874,4.489438459
Border,8/8/2017,6,0.666666667,0.494413232,0.172253434,1.161079899
Border,8/9/2017,15,0.822222222,0.538581978,0.283640244,1.3608042
Border,8/15/2017,6,1.166666667,0.749073502,0.417593165,1.915740168
Border,8/16/2017,15,2.3,0.789514619,1.510485381,3.089514619
Border,8/22/2017,6,2.666666667,1.358103252,1.308563414,4.024769919
Border,8/23/2017,15,1.383333333,0.333511857,1.049821476,1.71684519
Border,8/29/2017,12,1.527777778,0.342569842,1.185207936,1.87034762
Border,8/30/2017,9,3.444444444,0.987577157,2.456867287,4.432021602
Border,9/6/2017,6,1.895833333,0.857817402,1.038015932,2.753650735
Border,9/7/2017,15,0.959259259,0.174914245,0.784345014,1.134173504
Border,9/14/2017,15,2.583333333,1.500380243,1.082953091,4.083713576
Border,9/15/2017,6,11.22916667,3.150135028,8.079031639,14.37930169
Border,9/19/2017,6,2.333333333,0.780882691,1.552450642,3.114216025
Border,9/20/2017,12,6.183333333,0.761792808,5.421540525,6.945126142
Border,9/21/2017,3,4.666666667,0.666666667,4,5.333333333
Border,9/26/2017,12,7.786111111,2.157761257,5.628349854,9.943872368
Border,9/27/2017,9,5.444444444,0.959037583,4.485406861,6.403482028
Border,10/3/2017,6,5.638888889,1.488484605,4.150404284,7.127373494
Border,10/4/2017,6,3.0625,1.252809343,1.809690657,4.315309343
Field,3/11/2015,3,2.333333333,1.201850425,1.131482908,3.535183758
Field,3/17/2015,6,2.722222222,1.526110201,1.196112021,4.248332423
Field,3/24/2015,3,4,1.154700538,2.845299462,5.154700538
Field,3/25/2015,6,3.791666667,1.83077473,1.960891937,5.622441396
Field,3/26/2015,3,5.666666667,3.711842909,1.954823758,9.378509575
Field,3/31/2015,6,8.333333333,1.498147004,6.83518633,9.831480337
Field,4/1/2015,6,1.5,0.5,1,2
Field,4/2/2015,6,5.333333333,1.605545944,3.727787389,6.938879277
Field,4/7/2015,6,8.666666667,2.170509413,6.496157254,10.83717608
Field,4/8/2015,3,0.333333333,0.333333333,-5.55112E-17,0.666666667
Field,4/9/2015,6,5.5,1.839383955,3.660616045,7.339383955
Field,4/14/2015,9,2.888888889,0.633430792,2.255458097,3.522319681
Field,4/15/2015,6,7.166666667,2.257087602,4.909579064,9.423754269
Field,4/16/2015,6,4.166666667,1.579381032,2.587285635,5.746047699
Field,4/20/2015,3,2.333333333,0.764813907,1.568519426,3.09814724
Field,4/21/2015,9,2.555555556,0.987577157,1.567978398,3.543132713
Field,4/22/2015,6,5.166666667,1.740051085,3.426615582,6.906717751
Field,4/23/2015,9,3.814814815,0.561389126,3.253425689,4.37620394
Field,4/28/2015,9,4,1.322875656,2.677124344,5.322875656
Field,4/29/2015,6,0.333333333,0.210818511,0.122514823,0.544151844
Field,4/30/2015,9,4.777777778,1.05116044,3.726617337,5.828938218
Field,5/5/2015,3,3.333333333,0.666666667,2.666666667,4
Field,5/6/2015,15,4.047222222,1.536907426,2.510314796,5.584129648
Field,5/7/2015,6,3,0.516397779,2.483602221,3.516397779
Field,5/12/2015,9,4.444444444,1.394986614,3.04945783,5.839431059
Field,5/13/2015,6,0.666666667,0.494413232,0.172253434,1.161079899
Field,5/14/2015,8,4.90625,0.916049237,3.990200763,5.822299237
Field,5/19/2015,9,4.222222222,1.738276427,2.483945795,5.96049865
Field,5/20/2015,6,0.5,0.223606798,0.276393202,0.723606798
Field,5/21/2015,6,3.8,0.711805217,3.088194783,4.511805217
Field,5/26/2015,15,0.466666667,0.295145915,0.171520752,0.761812582
Field,5/28/2015,3,7.518518519,2.7437421,4.774776418,10.26226062
Field,5/29/2015,5,0.98,0.406830568,0.573169432,1.386830568
Field,6/2/2015,10,0.860526316,0.334440681,0.526085634,1.194966997
Field,6/4/2015,9,0.518518519,0.342967763,0.175550756,0.861486281
Field,6/9/2015,13,2.457342657,0.770699952,1.686642705,3.228042609
Field,6/11/2015,9,2.086419753,0.953259116,1.133160637,3.039678869
Field,6/16/2015,14,1.571428571,0.465446562,1.105982009,2.036875134
Field,6/18/2015,9,12.11111111,5.050974726,7.060136385,17.16208584
Field,6/23/2015,15,3.066666667,1.075558179,1.991108487,4.142224846
Field,6/25/2015,6,7.333333333,1.686548085,5.646785248,9.019881419
Field,6/27/2015,3,12.44444444,5.294223889,7.150220556,17.73866833
Field,6/30/2015,14,2,0.592999453,1.407000547,2.592999453
Field,7/2/2015,9,9.711111111,3.284494061,6.42661705,12.99560517
Field,7/7/2015,8,10.85,3.215975746,7.634024254,14.06597575
Field,7/9/2015,12,3.167824074,0.882534067,2.285290007,4.050358141
Field,7/12/2015,3,0.583333333,0,0.583333333,0.583333333
Field,7/14/2015,12,5.25,2.227802967,3.022197033,7.477802967
Field,7/16/2015,8,13.94444444,3.372455602,10.57198884,17.31690005
Field,7/21/2015,15,2.466666667,1.12081477,1.345851896,3.587481437
Field,7/23/2015,9,3.486111111,1.072146658,2.413964453,4.558257769
Field,7/28/2015,15,1.333333333,0.398409536,0.934923797,1.73174287
Field,7/30/2015,9,4.666666667,1.178511302,3.488155365,5.845177969
Field,8/4/2015,15,1,0.402373908,0.597626092,1.402373908
Field,8/6/2015,9,4.333333333,1.224744871,3.108588462,5.558078205
Field,8/11/2015,14,2.642857143,1.131988151,1.510868992,3.774845294
Field,8/13/2015,9,1.222222222,0.43390276,0.788319462,1.656124982
Field,8/18/2015,6,0.333333333,0.333333333,5.55112E-17,0.666666667
Field,8/19/2015,9,2.067592593,0.659902672,1.407689921,2.727495264
Field,8/20/2015,9,0.555555556,0.242161052,0.313394503,0.797716608
Field,8/30/2015,24,1.014646465,0.337396221,0.677250243,1.352042686
Field,9/1/2015,6,0,0,0,0
Field,9/2/2015,9,1.037037037,0.565042456,0.471994581,1.602079493
Field,9/3/2015,9,0.972222222,0.972222222,0,1.944444444
Field,9/7/2015,24,1.079166667,0.263718321,0.815448345,1.342884988
Field,9/15/2015,6,2.1875,1.511328748,0.676171252,3.698828748
Field,9/16/2015,9,2.333333333,0.710010723,1.623322611,3.043344056
Field,9/17/2015,9,1.4,0.617341973,0.782658027,2.017341973
Field,9/21/2015,24,2.702777778,0.598714292,2.104063486,3.301492069
Field,9/29/2015,6,4.666666667,2.016511702,2.650154965,6.683178369
Field,9/30/2015,9,2.592592593,0.648148148,1.944444444,3.240740741
Field,10/1/2015,9,3.344444444,1.244444444,2.1,4.588888889
Field,10/13/2015,6,1.416666667,0.82073815,0.595928517,2.237404817
Field,10/14/2015,9,2.222222222,0.79105727,1.431164952,3.013279493
Field,10/15/2015,9,6.222222222,1.814507722,4.407714501,8.036729944
Field,10/18/2015,3,4.2,0.808290377,3.391709623,5.008290377
Field,10/19/2015,21,10.58333333,2.433744258,8.149589076,13.01707759
Field,10/27/2015,6,7.664351852,3.627697692,4.03665416,11.29204954
Field,10/28/2015,9,8.209876543,1.883474852,6.326401691,10.0933514
Field,10/29/2015,9,31.42222222,8.216054368,23.20616785,39.63827659
Field,11/2/2015,24,16.96041667,6.337523945,10.62289272,23.29794061
Field,11/10/2015,6,19.54166667,8.062882205,11.47878446,27.60454887
Field,11/11/2015,9,15.20987654,3.500266717,11.70960983,18.71014326
Field,11/12/2015,9,33.05555556,9.477885241,23.57767031,42.5334408
Field,11/16/2015,24,6.893055556,1.83471564,5.058339916,8.727771195
Field,11/24/2015,6,9.333333333,4.007631609,5.325701725,13.34096494
Field,11/25/2015,9,6.827160494,2.836424791,3.990735703,9.663585285
Field,11/26/2015,9,18.82222222,6.441483994,12.38073823,25.26370622
Field,11/30/2015,24,30.61041667,5.876382629,24.73403404,36.4867993
Field,12/8/2015,6,10.79166667,3.045089398,7.746577268,13.83675607
Field,12/9/2015,9,11.66666667,3.613389595,8.053277072,15.28005626
Field,12/10/2015,8,22.75,10.26230968,12.48769032,33.01230968
Field,12/16/2015,24,12.546875,2.537034853,10.00984015,15.08390985
Field,12/22/2015,24,24.30555556,5.836150688,18.46940487,30.14170624
Field,12/30/2015,24,9.588541667,1.855018518,7.733523148,11.44356018
Field,1/5/2016,24,8.798611111,2.188251347,6.610359764,10.98686246
Field,1/11/2016,24,24.64583333,6.44707264,18.19876069,31.09290597
Field,1/19/2016,6,9.041666667,3.028281049,6.013385618,12.06994772
Field,1/20/2016,9,16.59259259,5.178699648,11.41389294,21.77129224
Field,1/21/2016,9,8.088888889,2.179860116,5.909028773,10.268749
Field,1/27/2016,24,18.59201389,4.680190879,13.91182301,23.27220477
Field,2/2/2016,6,2.916666667,1.338704459,1.577962207,4.255371126
Field,2/3/2016,9,1.666666667,0.5,1.166666667,2.166666667
Field,2/4/2016,9,2.430555556,0.834923252,1.595632304,3.265478807
Field,2/10/2016,24,1.935763889,0.522864272,1.412899617,2.458628161
Field,2/16/2016,6,5.055555556,2.186095228,2.869460328,7.241650784
Field,2/17/2016,9,4.111111111,0.963852865,3.147258246,5.074963976
Field,2/18/2016,9,3.111111111,0.670057925,2.441053186,3.781169037
Field,2/24/2016,24,5.703125,1.375316335,4.327808665,7.078441335
Field,3/1/2016,6,5.055555556,0.71707568,4.338479876,5.772631236
Field,3/2/2016,9,4.555555556,0.86780552,3.687750036,5.423361075
Field,3/3/2016,9,3.791666667,1.604166667,2.1875,5.395833333
Field,3/10/2016,24,8.161458333,2.730241121,5.431217212,10.89169945
Field,3/14/2016,3,18.66666667,3.086709863,15.5799568,21.75337653
Field,3/15/2016,6,3.733333333,1.831332241,1.902001092,5.564665575
Field,3/16/2016,9,2.592592593,0.987229847,1.605362746,3.57982244
Field,3/17/2016,9,6.555555556,2.672447438,3.883108118,9.228002994
Field,3/23/2016,23,3.695652174,1.391934768,2.303717406,5.087586942
Field,3/29/2016,24,2.114583333,0.650115585,1.464467748,2.764698919
Field,4/5/2016,6,1,0.683130051,0.316869949,1.683130051
Field,4/6/2016,9,1.263888889,0.388888889,0.875,1.652777778
Field,4/7/2016,9,1.555555556,0.388888889,1.166666667,1.944444444
Field,4/13/2016,24,1.260416667,0.371429002,0.888987665,1.631845668
Field,4/20/2016,24,1.083333333,0.312288576,0.771044758,1.395621909
Field,4/27/2016,15,0.6,0.213808994,0.386191006,0.813808994
Field,4/28/2016,9,1.361111111,0.360509649,1.000601462,1.72162076
Field,5/5/2016,24,0.859375,0.222478893,0.636896107,1.081853893
Field,5/19/2016,9,1.333333333,0.40824829,0.925085043,1.741581624
Field,5/20/2016,14,1.8,0.555316188,1.244683812,2.355316188
Field,5/26/2016,8,0.375,0.182981264,0.192018736,0.557981264
Field,5/27/2016,15,0.660606061,0.24974866,0.4108574,0.910354721
Field,6/2/2016,9,2.444444444,0.555555556,1.888888889,3
Field,6/3/2016,15,3.533333333,0.827311576,2.706021757,4.36064491
Field,6/9/2016,8,1,0.56694671,0.43305329,1.56694671
Field,6/10/2016,14,1.142857143,0.572800551,0.570056592,1.715657694
Field,6/16/2016,9,2.5,1.1843892,1.3156108,3.6843892
Field,6/17/2016,13,2.461538462,0.797555437,1.663983025,3.259093898
Field,6/23/2016,8,11.5,2.549509757,8.950490243,14.04950976
Field,6/24/2016,11,2.909090909,0.948247623,1.960843287,3.857338532
Field,7/1/2016,8,20.15416667,3.425899618,16.72826705,23.58006628
Field,7/2/2016,14,7.983333333,3.856404236,4.126929097,11.83973757
Field,7/8/2016,7,24.63809524,10.25736393,14.38073131,34.89545917
Field,7/9/2016,15,4.333333333,1.744833644,2.58849969,6.078166977
Field,7/15/2016,8,18,6.668824056,11.33117594,24.66882406
Field,7/16/2016,15,5.466666667,1.739914247,3.72675242,7.206580914
Field,7/22/2016,8,11.375,5.457424497,5.917575503,16.8324245
Field,7/23/2016,13,1.846153846,0.723649528,1.122504318,2.569803374
Field,7/30/2016,8,1.655208333,0.349293993,1.305914341,2.004502326
Field,7/31/2016,15,1.866666667,0.836078811,1.030587856,2.702745477
Field,11/9/2016,12,3.5,0.574060497,2.925939503,4.074060497
Field,11/16/2016,12,21.25,5.484309575,15.76569042,26.73430958
Field,11/23/2016,21,15.47619048,2.915981455,12.56020902,18.39217193
Field,12/14/2016,21,18,1.759629591,16.24037041,19.75962959
Field,12/20/2016,21,64.05555556,6.129643616,57.92591194,70.18519917
Field,1/3/2017,21,29.5,2.462335322,27.03766468,31.96233532
Field,1/10/2017,3,8.666666667,1.452966315,7.213700352,10.11963298
Field,1/11/2017,18,13.46527778,1.714086604,11.75119117,15.17936438
Field,1/17/2017,21,16.3015873,2.177282268,14.12430503,18.47886957
Field,1/24/2017,6,13.16666667,4.490112594,8.676554072,17.65677926
Field,1/25/2017,9,14.09722222,2.140545444,11.95667678,16.23776767
Field,1/26/2017,6,19.7037037,1.700076654,18.00362705,21.40378036
Field,1/31/2017,3,8.666666667,1.201850425,7.464816242,9.868517092
Field,2/1/2017,15,13.07777778,3.010469679,10.0673081,16.08824746
Field,2/2/2017,3,3.111111111,0.449050209,2.662060902,3.56016132
Field,2/7/2017,12,16.00277778,2.933581424,13.06919635,18.9363592
Field,2/8/2017,6,14.66666667,5.829046044,8.837620623,20.49571271
Field,2/9/2017,3,4.148148148,0.685935525,3.462212623,4.834083673
Field,2/14/2017,12,16.66666667,4.459129779,12.20753689,21.12579645
Field,2/15/2017,6,19.5,6.114191143,13.38580886,25.61419114
Field,2/16/2017,3,11.33333333,4.333333333,7,15.66666667
Field,2/21/2017,3,20,1.732050808,18.26794919,21.73205081
Field,2/22/2017,6,24.66666667,8.886944232,15.77972243,33.5536109
Field,2/23/2017,12,15.14814815,2.945995187,12.20215296,18.09414334
Field,2/28/2017,3,19,7.211102551,11.78889745,26.21110255
Field,3/1/2017,15,24.76666667,3.193321404,21.57334526,27.95998807
Field,3/2/2017,3,6,2.645751311,3.354248689,8.645751311
Field,3/7/2017,3,17.66666667,2.333333333,15.33333333,20
Field,3/8/2017,15,20.66666667,3.789291511,16.87737516,24.45595818
Field,3/9/2017,3,11.66666667,4.841946349,6.824720318,16.50861302
Field,3/15/2017,15,16.26666667,2.059742625,14.20692404,18.32640929
Field,3/16/2017,3,17.66666667,4.910306621,12.75636005,22.57697329
Field,3/21/2017,3,1.833333333,0.440958552,1.392374781,2.274291885
Field,3/22/2017,9,10,1.943650632,8.056349368,11.94365063
Field,3/23/2017,6,8.708333333,3.136091428,5.572241905,11.84442476
Field,3/24/2017,3,28,3.914728966,24.08527103,31.91472897
Field,3/28/2017,3,18,4.582575695,13.41742431,22.58257569
Field,3/29/2017,9,10.72222222,1.629918956,9.092303266,12.35214118
Field,3/30/2017,9,24.04166667,6.00521009,18.03645658,30.04687676
Field,4/4/2017,6,39.2,7.993497357,31.20650264,47.19349736
Field,4/5/2017,9,12.39351852,1.710746815,10.6827717,14.10426533
Field,4/6/2017,6,15.60416667,3.49574394,12.10842273,19.09991061
Field,4/11/2017,3,32.66666667,2.936046725,29.73061994,35.60271339
Field,4/12/2017,12,11,1.856714995,9.143285005,12.85671499
Field,4/13/2017,6,20.35185185,5.153001975,15.19884988,25.50485383
Field,4/18/2017,9,22.87777778,3.111071428,19.76670635,25.98884921
Field,4/19/2017,9,10.35185185,2.590111246,7.761740605,12.9419631
Field,4/20/2017,3,19.54166667,1.051619122,18.49004754,20.59328579
Field,4/26/2017,9,6.166666667,1.337089616,4.82957705,7.503756283
Field,4/27/2017,9,19.46604938,3.718839235,15.74721015,23.18488862
Field,4/28/2017,3,7.233333333,0.841295298,6.392038036,8.074628631
Field,5/2/2017,9,10.26666667,3.123966496,7.142700171,13.39063316
Field,5/3/2017,9,5.777777778,1.639594951,4.138182826,7.417372729
Field,5/5/2017,3,1.458333333,0.771677466,0.686655868,2.230010799
Field,5/9/2017,9,9.777777778,2.681095225,7.096682553,12.458873
Field,5/10/2017,12,2.916666667,0.850118827,2.06654784,3.766785494
Field,5/16/2017,9,4.944444444,3.086209869,1.858234575,8.030654314
Field,5/17/2017,12,1.96875,0.36867295,1.60007705,2.33742295
Field,5/23/2017,6,1.666666667,0.666666667,1,2.333333333
Field,5/24/2017,12,2.166666667,1.524914098,0.641752569,3.691580764
Field,5/25/2017,3,0.583333333,0.583333333,1.11022E-16,1.166666667
Field,5/30/2017,12,2.361111111,0.647396149,1.713714962,3.00850726
Field,5/31/2017,9,0.722222222,0.314269681,0.407952542,1.036491903
Field,6/7/2017,12,3.479166667,1.21014428,2.269022386,4.689310947
Field,6/8/2017,9,0.74537037,0.21679078,0.52857959,0.962161151
Field,6/13/2017,3,0.777777778,0.388888889,0.388888889,1.166666667
Field,6/14/2017,9,1.740740741,0.576086675,1.164654066,2.316827416
Field,6/15/2017,9,0.972222222,0.441341162,0.53088106,1.413563385
Field,6/19/2017,6,4.666666667,1.831332241,2.835334425,6.497998908
Field,6/20/2017,12,5.266666667,1.152949665,4.113717002,6.419616331
Field,6/21/2017,3,6,1.527525232,4.472474768,7.527525232
Field,6/27/2017,9,8.75,1.470189897,7.279810103,10.2201899
Field,6/28/2017,12,17.23958333,4.831401251,12.40818208,22.07098458
Field,7/3/2017,3,12.13333333,0.933333333,11.2,13.06666667
Field,7/5/2017,12,13.625,2.625991876,10.99900812,16.25099188
Field,7/6/2017,6,4.520833333,1.436291763,3.084541571,5.957125096
Field,7/11/2017,6,8.895833333,2.946410834,5.949422499,11.84224417
Field,7/12/2017,15,11.01111111,4.51773304,6.493378072,15.52884415
Field,7/18/2017,6,1.555555556,0.576815438,0.978740118,2.132370993
Field,7/19/2017,15,2.141666667,0.434191001,1.707475666,2.575857668
Field,7/25/2017,6,0.166666667,0.166666667,-2.77556E-17,0.333333333
Field,7/26/2017,6,2,0.447213595,1.552786405,2.447213595
Field,7/27/2017,9,0.680555556,0.28344905,0.397106505,0.964004606
Field,8/1/2017,6,1.333333333,0.714920353,0.61841298,2.048253686
Field,8/2/2017,9,1.407407407,0.354763779,1.052643629,1.762171186
Field,8/3/2017,6,2.333333333,1.308094458,1.025238875,3.641427791
Field,8/8/2017,6,0.666666667,0.333333333,0.333333333,1
Field,8/9/2017,15,0.511111111,0.298349368,0.212761743,0.80946048
Field,8/15/2017,6,1.5,0.562731434,0.937268566,2.062731434
Field,8/16/2017,15,1.666666667,0.566246343,1.100420324,2.232913009
Field,8/22/2017,6,3,1.751190072,1.248809928,4.751190072
Field,8/23/2017,15,1.4,0.434248119,0.965751881,1.834248119
Field,8/29/2017,12,2.708333333,0.691496267,2.016837066,3.399829601
Field,8/30/2017,9,3.444444444,1.270510736,2.173933708,4.714955181
Field,9/6/2017,6,1.458333333,0.432611578,1.025721755,1.890944912
Field,9/7/2017,15,0.544444444,0.229246619,0.315197825,0.773691063
Field,9/14/2017,15,2.408333333,0.657767991,1.750565342,3.066101324
Field,9/15/2017,6,10.0625,1.900315215,8.162184785,11.96281522
Field,9/19/2017,6,1.4,0.626099034,0.773900966,2.026099034
Field,9/20/2017,12,2.761111111,0.532572585,2.228538527,3.293683696
Field,9/21/2017,3,2,0.577350269,1.422649731,2.577350269
Field,9/26/2017,12,10.28055556,2.368094101,7.912461455,12.64864966
Field,9/27/2017,9,2.888888889,0.538631095,2.350257794,3.427519984
Field,10/3/2017,6,4.472222222,0.924378336,3.547843886,5.396600559
Field,10/4/2017,6,9.333333333,6.263707191,3.069626142,15.59704052
Woods,3/11/2015,3,28.33333333,9.837569709,18.49576362,38.17090304
Woods,3/17/2015,6,16.52777778,6.970229906,9.557547872,23.49800768
Woods,3/24/2015,12,9.833333333,2.452065713,7.38126762,12.28539905
Woods,3/31/2015,18,6.777777778,2.822129585,3.955648193,9.599907363
Woods,4/2/2015,3,39.66666667,15.16666667,24.5,54.83333333
Woods,4/7/2015,15,5.466666667,1.133333333,4.333333333,6.6
Woods,4/9/2015,3,54,14.571662,39.428338,68.571662
Woods,4/14/2015,18,1.944444444,0.408025872,1.536418572,2.352470317
Woods,4/16/2015,6,16.16666667,7.318545696,8.84812097,23.48521236
Woods,4/21/2015,18,1.388888889,0.380392718,1.008496171,1.769281607
Woods,4/23/2015,6,8.166666667,2.212339134,5.954327533,10.3790058
Woods,4/28/2015,18,1.333333333,0.478286703,0.855046631,1.811620036
Woods,4/30/2015,6,10,2.097617696,7.902382304,12.0976177
Woods,5/6/2015,21,1.944444444,0.512479298,1.431965146,2.456923742
Woods,5/7/2015,3,7.666666667,5.238744549,2.427922118,12.90541122
Woods,5/12/2015,18,2.398148148,0.94070182,1.457446328,3.338849968
Woods,5/14/2015,6,5.5,1.271891636,4.228108364,6.771891636
Woods,5/19/2015,18,1.611111111,0.492684317,1.118426794,2.103795428
Woods,5/21/2015,6,2.666666667,1.021980648,1.644686019,3.688647314
Woods,5/26/2015,14,2.571428571,0.986024796,1.585403776,3.557453367
Woods,5/28/2015,3,6.222222222,2.057806575,4.164415647,8.280028797
Woods,5/29/2015,6,2.683333333,1.013053689,1.670279644,3.696387023
Woods,6/2/2015,12,0.229166667,0.161252006,0.06791466,0.390418673
Woods,6/4/2015,9,1.987654321,0.536220466,1.451433855,2.523874787
Woods,6/9/2015,15,1.621111111,0.832676672,0.788434439,2.453787784
Woods,6/11/2015,9,12.28395062,7.516787593,4.767163024,19.80073821
Woods,6/16/2015,15,3.2,0.705083582,2.494916418,3.905083582
Woods,6/18/2015,9,16.88888889,8.169122835,8.719766053,25.05801172
Woods,6/23/2015,14,10,2.253202849,7.746797151,12.25320285
Woods,6/25/2015,6,43.83333333,15.06522854,28.76810479,58.89856188
Woods,6/27/2015,3,4.666666667,1.957364483,2.709302183,6.62403115
Woods,6/30/2015,14,4.285714286,1.05052876,3.235185526,5.336243045
Woods,7/2/2015,9,6.422222222,1.476273253,4.94594897,7.898495475
Woods,7/7/2015,8,19.075,10.46640459,8.608595412,29.54140459
Woods,7/9/2015,12,4.083333333,0.748502058,3.334831275,4.831835392
Woods,7/12/2015,3,0.194444444,0.194444444,-2.77556E-17,0.388888889
Woods,7/14/2015,12,20.76666667,4.684133977,16.08253269,25.45080064
Woods,7/16/2015,9,14.7654321,3.856987515,10.90844458,18.62241961
Woods,7/21/2015,15,4.807407407,1.567470118,3.239937289,6.374877525
Woods,7/23/2015,9,10.44444444,2.339937743,8.104506701,12.78438219
Woods,7/28/2015,15,6.2,1.352950919,4.847049081,7.552950919
Woods,7/30/2015,9,8.777777778,2.113302956,6.664474822,10.89108073
Woods,8/4/2015,15,4.8,1.328084908,3.471915092,6.128084908
Woods,8/6/2015,9,4.555555556,1.444444444,3.111111111,6
Woods,8/11/2015,15,7.466666667,2.388198498,5.078468169,9.854865164
Woods,8/13/2015,9,4.111111111,1.358557696,2.752553415,5.469668807
Woods,8/18/2015,6,2.333333333,1.054092553,1.27924078,3.387425887
Woods,8/19/2015,9,6.513888889,1.624658677,4.889230212,8.138547566
Woods,8/20/2015,9,2.777777778,1.9845079,0.793269878,4.762285678
Woods,8/30/2015,24,4.015277778,1.100838282,2.914439496,5.11611606
Woods,9/1/2015,6,1.166666667,1.166666667,2.22045E-16,2.333333333
Woods,9/2/2015,9,1.296296296,0.879190924,0.417105373,2.17548722
Woods,9/3/2015,9,4.666666667,1.271345525,3.395321141,5.938012192
Woods,9/7/2015,24,1.040277778,0.197869888,0.84240789,1.238147666
Woods,9/15/2015,6,7.729166667,1.711911902,6.017254764,9.441078569
Woods,9/16/2015,9,2.938271605,0.976772616,1.961498989,3.915044221
Woods,9/17/2015,8,0.9625,0.457062632,0.505437368,1.419562632
Woods,9/21/2015,24,4.192361111,1.252571823,2.939789289,5.444932934
Woods,9/29/2015,6,11.08333333,3.654572858,7.428760475,14.73790619
Woods,9/30/2015,9,1.728395062,0.730745319,0.997649743,2.459140381
Woods,10/1/2015,9,4.977777778,1.523134358,3.45464342,6.500912135
Woods,10/13/2015,6,6,1.118033989,4.881966011,7.118033989
Woods,10/14/2015,9,4.888888889,1.520183144,3.368705745,6.409072033
Woods,10/15/2015,9,9.5,1.643590244,7.856409756,11.14359024
Woods,10/18/2015,3,8.866666667,1.234683945,7.631982722,10.10135061
Woods,10/19/2015,21,21.16111111,4.401909659,16.75920145,25.56302077
Woods,10/27/2015,6,13.95138889,3.676127228,10.27526166,17.62751612
Woods,10/28/2015,9,15.55555556,4.507310021,11.04824554,20.06286558
Woods,10/29/2015,9,48.92222222,11.80436334,37.11785888,60.72658556
Woods,11/2/2015,24,20.58194444,5.03156171,15.55038273,25.61350615
Woods,11/10/2015,6,37.1875,7.235743886,29.95175611,44.42324389
Woods,11/11/2015,9,22.2962963,8.526043375,13.77025292,30.82233967
Woods,11/12/2015,9,50.47777778,8.994269438,41.48350834,59.47204722
Woods,11/16/2015,24,18.46736111,4.320825906,14.1465352,22.78818702
Woods,11/24/2015,6,24.79166667,5.527833612,19.26383305,30.31950028
Woods,11/25/2015,9,19.87654321,3.8761451,16.00039811,23.75268831
Woods,11/26/2015,9,28.07777778,5.668180626,22.40959715,33.7459584
Woods,11/30/2015,24,58.85833333,16.13379016,42.72454318,74.99212349
Woods,12/8/2015,6,14.72916667,2.705591561,12.02357511,17.43475823
Woods,12/9/2015,8,20.80555556,7.248296948,13.55725861,28.0538525
Woods,12/10/2015,9,34.84444444,6.76342515,28.08101929,41.60786959
Woods,12/16/2015,24,34.5390625,7.968808148,26.57025435,42.50787065
Woods,12/22/2015,24,47.93055556,9.280853995,38.64970156,57.21140955
Woods,12/30/2015,24,20.59895833,4.817103125,15.78185521,25.41606146
Woods,1/5/2016,24,32.42361111,4.331230667,28.09238044,36.75484178
Woods,1/11/2016,24,41.90277778,9.797573338,32.10520444,51.70035112
Woods,1/19/2016,6,86.625,41.90875505,44.71624495,128.5337551
Woods,1/20/2016,9,13.30864198,3.147209979,10.161432,16.45585195
Woods,1/21/2016,9,25.82222222,11.7459896,14.07623263,37.56821182
Woods,1/27/2016,23,33.15942029,7.617561299,25.54185899,40.77698159
Woods,2/2/2016,6,14,6.304319507,7.695680493,20.30431951
Woods,2/3/2016,8,2.75,0.674801558,2.075198442,3.424801558
Woods,2/4/2016,9,22.65277778,11.6003468,11.05243098,34.25312458
Woods,2/10/2016,22,10.18939394,5.846064703,4.343329236,16.03545864
Woods,2/16/2016,6,28.75,14.3309268,14.4190732,43.0809268
Woods,2/17/2016,8,8.5,1.295596939,7.204403061,9.795596939
Woods,2/18/2016,9,10.30555556,3.237295623,7.068259933,13.54285118
Woods,2/24/2016,24,22.37152778,7.142404705,15.22912307,29.51393248
Woods,3/1/2016,6,35.77777778,10.38995835,25.38781943,46.16773613
Woods,3/2/2016,9,20.88888889,3.397075721,17.49181317,24.28596461
Woods,3/3/2016,7,22.125,6.262487525,15.86251248,28.38748752
Woods,3/10/2016,24,31.08564815,8.53780516,22.54784299,39.62345331
Woods,3/14/2016,3,22.16666667,8.228929321,13.93773735,30.39559599
Woods,3/15/2016,6,2.8,1.533623161,1.266376839,4.333623161
Woods,3/16/2016,9,4.925925926,0.772357658,4.153568268,5.698283583
Woods,3/17/2016,9,12.77777778,2.994336217,9.78344156,15.772114
Woods,3/23/2016,24,6.302083333,1.475302946,4.826780387,7.777386279
Woods,3/29/2016,24,5.152777778,1.404355309,3.748422468,6.557133087
Woods,4/5/2016,6,0.5,0.223606798,0.276393202,0.723606798
Woods,4/6/2016,9,2.236111111,0.440192333,1.795918778,2.676303444
Woods,4/7/2016,9,4.061728395,0.753389941,3.308338454,4.815118336
Woods,4/13/2016,21,2.240079365,0.631925288,1.608154077,2.872004653
Woods,4/20/2016,24,1.708333333,0.641214785,1.067118548,2.349548119
Woods,4/27/2016,15,0.733333333,0.344572429,0.388760904,1.077905762
Woods,4/28/2016,9,2.041666667,1.051619122,0.990047545,3.093285789
Woods,5/5/2016,24,0.911458333,0.338123348,0.573334985,1.249581681
Woods,5/19/2016,9,6.444444444,2.278285851,4.166158593,8.722730296
Woods,5/20/2016,15,1.804444444,0.536674718,1.267769726,2.341119163
Woods,5/26/2016,9,2.888888889,1.438019901,1.450868988,4.32690879
Woods,5/27/2016,15,0.666666667,0.303419663,0.363247003,0.97008633
Woods,6/2/2016,9,4.333333333,1.404358296,2.928975038,5.737691629
Woods,6/3/2016,14,3.571428571,0.970523172,2.600905399,4.541951744
Woods,6/9/2016,9,2.222222222,0.741203559,1.481018663,2.963425781
Woods,6/10/2016,15,2.533333333,1.090507382,1.442825952,3.623840715
Woods,6/16/2016,9,2.777777778,1.064291337,1.713486441,3.842069114
Woods,6/17/2016,15,3.8,1.328084908,2.471915092,5.128084908
Woods,6/23/2016,9,9.333333333,2.43241992,6.900913413,11.76575325
Woods,6/24/2016,13,6.153846154,3.603499285,2.550346868,9.757345439
Woods,7/1/2016,9,12.93055556,5.798186944,7.132368612,18.7287425
Woods,7/2/2016,15,11.93111111,4.094935369,7.836175742,16.02604648
Woods,7/8/2016,9,32.77777778,9.056577993,23.72119979,41.83435577
Woods,7/9/2016,15,3,0.816496581,2.183503419,3.816496581
Woods,7/15/2016,9,30.88888889,5.165173022,25.72371587,36.05406191
Woods,7/16/2016,15,9.533333333,3.159063554,6.374269779,12.69239689
Woods,7/22/2016,9,9.777777778,2.938148405,6.839629373,12.71592618
Woods,7/23/2016,14,5.642857143,1.260590926,4.382266217,6.903448069
Woods,7/30/2016,9,5.736111111,1.523320518,4.212790593,7.259431629
Woods,7/31/2016,15,0.933333333,0.301500875,0.631832458,1.234834209
Woods,11/9/2016,12,10.33333333,2.415490832,7.917842501,12.74882417
Woods,11/16/2016,12,31.25,6.519347662,24.73065234,37.76934766
Woods,11/23/2016,21,46.61904762,3.856643119,42.7624045,50.47569074
Woods,12/14/2016,21,19.04761905,1.971394065,17.07622498,21.01901311
Woods,12/20/2016,21,80.72222222,5.50911142,75.2131108,86.23133364
Woods,1/3/2017,21,36,2.477758203,33.5222418,38.4777582
Woods,1/10/2017,3,32.33333333,15.34419905,16.98913428,47.67753238
Woods,1/11/2017,18,22.75,3.981575213,18.76842479,26.73157521
Woods,1/17/2017,21,43.30952381,6.154839427,37.15468438,49.46436324
Woods,1/24/2017,6,41.16666667,7.268271994,33.89839467,48.43493866
Woods,1/25/2017,9,47.34722222,4.528927938,42.81829428,51.87615016
Woods,1/26/2017,6,44.46296296,6.920085674,37.54287729,51.38304864
Woods,1/31/2017,3,51,20.42873793,30.57126207,71.42873793
Woods,2/1/2017,15,40.4,9.861216856,30.53878314,50.26121686
Woods,2/2/2017,3,4.666666667,1.18807518,3.478591486,5.854741847
Woods,2/7/2017,12,37.02222222,7.101339957,29.92088227,44.12356218
Woods,2/8/2017,6,19.5,4.047633053,15.45236695,23.54763305
Woods,2/9/2017,3,12.96296296,7.410462333,5.55250063,20.3734253
Woods,2/14/2017,12,31.41666667,6.098258983,25.31840768,37.51492565
Woods,2/15/2017,6,48,3.151719108,44.84828089,51.15171911
Woods,2/16/2017,3,32,4,28,36
Woods,2/21/2017,3,21.66666667,1.763834207,19.90283246,23.43050087
Woods,2/22/2017,6,19,9.223159256,9.776840744,28.22315926
Woods,2/23/2017,12,28.43518519,6.043495827,22.39168936,34.47868101
Woods,2/28/2017,3,23.66666667,17.75136927,5.915297392,41.41803594
Woods,3/1/2017,15,41.34444444,6.909572125,34.43487232,48.25401657
Woods,3/2/2017,3,31,6.027713773,24.97228623,37.02771377
Woods,3/7/2017,3,11,4.618802154,6.381197846,15.61880215
Woods,3/8/2017,15,44.4,6.19277613,38.20722387,50.59277613
Woods,3/9/2017,3,47.66666667,14.62114147,33.0455252,62.28780813
Woods,3/15/2017,15,30.86666667,4.510164886,26.35650178,35.37683155
Woods,3/16/2017,3,29.33333333,13.22035468,16.11297866,42.55368801
Woods,3/21/2017,3,5.166666667,2.185812841,2.980853825,7.352479508
Woods,3/22/2017,9,17.22222222,4.780683871,12.44153835,22.00290609
Woods,3/23/2017,6,44.33333333,10.08586401,34.24746933,54.41919734
Woods,3/24/2017,3,63.25925926,2.473175707,60.78608355,65.73243497
Woods,3/28/2017,3,36.33333333,16.25149566,20.08183768,52.58482899
Woods,3/29/2017,9,10.42592593,2.101239917,8.324686008,12.52716584
Woods,3/30/2017,9,26.41666667,6.512522807,19.90414386,32.92918947
Woods,4/4/2017,6,18.2,2.936664775,15.26333523,21.13666477
Woods,4/5/2017,9,19.4212963,2.383122931,17.03817336,21.80441923
Woods,4/6/2017,6,10.64583333,3.524825153,7.12100818,14.17065849
Woods,4/11/2017,3,35,10.45670085,24.54329915,45.45670085
Woods,4/12/2017,12,12.05555556,2.036321423,10.01923413,14.09187698
Woods,4/13/2017,6,15.16666667,7.192517259,7.974149407,22.35918393
Woods,4/18/2017,9,18.38148148,5.362596545,13.01888494,23.74407803
Woods,4/19/2017,9,10.55555556,3.044297442,7.511258114,13.599853
Woods,4/20/2017,3,22.75,0.875,21.875,23.625
Woods,4/26/2017,9,4.018518519,1.130198703,2.888319815,5.148717222
Woods,4/27/2017,9,10.62962963,1.646969187,8.982660443,12.27659882
Woods,4/28/2017,3,7,0.404145188,6.595854812,7.404145188
Woods,5/2/2017,9,7.35,2.688401012,4.661598988,10.03840101
Woods,5/3/2017,9,2.111111111,0.512196914,1.598914197,2.623308025
Woods,5/5/2017,3,3.791666667,0.771677466,3.019989201,4.563344132
Woods,5/9/2017,9,7.111111111,1.719531949,5.391579162,8.83064306
Woods,5/10/2017,12,2.483333333,0.870895858,1.612437475,3.354229192
Woods,5/16/2017,9,3.444444444,1.347436982,2.097007463,4.791881426
Woods,5/17/2017,12,1.75,0.707776073,1.042223927,2.457776073
Woods,5/23/2017,6,3,1.591644852,1.408355148,4.591644852
Woods,5/24/2017,12,1.8125,1.133647322,0.678852678,2.946147322
Woods,5/25/2017,3,0.583333333,0.291666667,0.291666667,0.875
Woods,5/30/2017,12,3.541666667,1.190083359,2.351583308,4.731750025
Woods,5/31/2017,9,2.666666667,1.122510964,1.544155703,3.789177631
Woods,6/7/2017,12,7.21875,3.12015249,4.09859751,10.33890249
Woods,6/8/2017,9,1.317901235,0.687295161,0.630606074,2.005196395
Woods,6/13/2017,3,2.333333333,0.673575314,1.659758019,3.006908647
Woods,6/14/2017,9,6.5,1.536088507,4.963911493,8.036088507
Woods,6/15/2017,9,1.861111111,0.675541335,1.185569776,2.536652446
Woods,6/19/2017,6,21.7,8.506272196,13.1937278,30.2062722
Woods,6/20/2017,12,7.983333333,1.008887276,6.974446057,8.992220609
Woods,6/21/2017,3,5.666666667,1.201850425,4.464816242,6.868517092
Woods,6/27/2017,9,24.75,7.335522874,17.41447713,32.08552287
Woods,6/28/2017,12,14.89583333,3.667909354,11.22792398,18.56374269
Woods,7/3/2017,3,48.53333333,8.566861217,39.96647212,57.10019455
Woods,7/5/2017,12,35.64583333,7.048899705,28.59693363,42.69473304
Woods,7/6/2017,6,24.35416667,6.021698323,18.33246834,30.37586499
Woods,7/11/2017,6,11.52083333,1.17815524,10.34267809,12.69898857
Woods,7/12/2017,15,27.96666667,7.690993152,20.27567351,35.65765982
Woods,7/18/2017,6,4.277777778,1.695127367,2.582650411,5.972905145
Woods,7/19/2017,15,5.575,1.055160223,4.519839777,6.630160223
Woods,7/25/2017,6,0.5,0.223606798,0.276393202,0.723606798
Woods,7/26/2017,6,5.5,0.619139187,4.880860813,6.119139187
Woods,7/27/2017,9,4.375,1.36803793,3.00696207,5.74303793
Woods,8/1/2017,6,1.166666667,0.600925213,0.565741454,1.767591879
Woods,8/2/2017,9,8.018518519,0.944625981,7.073892537,8.9631445
Woods,8/3/2017,6,4,1.570562532,2.429437468,5.570562532
Woods,8/8/2017,6,0.666666667,0.333333333,0.333333333,1
Woods,8/9/2017,15,3.033333333,0.569321512,2.464011821,3.602654845
Woods,8/15/2017,6,2.333333333,0.76011695,1.573216383,3.093450283
Woods,8/16/2017,15,6.933333333,1.181067583,5.752265751,8.114400916
Woods,8/22/2017,6,7.166666667,2.495551598,4.671115069,9.662218265
Woods,8/23/2017,15,6.733333333,1.160733211,5.572600122,7.894066544
Woods,8/29/2017,12,6.458333333,1.150341224,5.307992109,7.608674558
Woods,8/30/2017,9,13.88888889,2.974168625,10.91472026,16.86305751
Woods,9/6/2017,6,3.5,1.464155046,2.035844954,4.964155046
Woods,9/7/2017,15,4.366666667,0.516514812,3.850151854,4.883181479
Woods,9/14/2017,15,18.99166667,4.802737728,14.18892894,23.79440439
Woods,9/15/2017,6,3.5,1.675497439,1.824502561,5.175497439
Woods,9/19/2017,6,10.96666667,5.25595958,5.710707086,16.22262625
Woods,9/20/2017,12,9.197222222,1.547613881,7.649608341,10.7448361
Woods,9/21/2017,3,14,2.081665999,11.918334,16.081666
Woods,9/26/2017,12,13.44166667,2.359482356,11.08218431,15.80114902
Woods,9/27/2017,9,5.888888889,2.137264896,3.751623993,8.026153785
Woods,10/3/2017,6,2.333333333,0.426006434,1.9073269,2.759339767
Woods,10/4/2017,6,10.64583333,2.530113771,8.115719562,13.1759471
