Date,maxf,minf,avgf,maxc,minc,avgc,,,
1/1/2014,53,47,50,11.67,8.33,10.00,,,
1/2/2014,59,42,50.5,15.00,5.56,10.28,,,
1/3/2014,43,27,35,6.11,-2.78,1.67,,,
1/4/2014,55,29,42,12.78,-1.67,5.56,,,
1/5/2014,57,44,50.5,13.89,6.67,10.28,,,
1/6/2014,64,26,45,17.78,-3.33,7.22,,,
1/7/2014,31,18,24.5,-0.56,-7.78,-4.17,,,
1/8/2014,49,21,35,9.44,-6.11,1.67,,,
1/9/2014,63,43,53,17.22,6.11,11.67,,,
1/10/2014,71,56,63.5,21.67,13.33,17.50,,,
1/11/2014,75,57,66,23.89,13.89,18.89,,,
1/12/2014,64,37,50.5,17.78,2.78,10.28,,,
1/13/2014,68,36,52,20.00,2.22,11.11,,,
1/14/2014,67,41,54,19.44,5.00,12.22,,,
1/15/2014,64,35,49.5,17.78,1.67,9.72,,,
1/16/2014,49,30,39.5,9.44,-1.11,4.17,,,
1/17/2014,65,29,47,18.33,-1.67,8.33,,,
1/18/2014,50,31,40.5,10.00,-0.56,4.72,,,
1/19/2014,62,34,48,16.67,1.11,8.89,,,
1/20/2014,67,30,48.5,19.44,-1.11,9.17,,,
1/21/2014,64,37,50.5,17.78,2.78,10.28,,,
1/22/2014,45,26,35.5,7.22,-3.33,1.94,,,
1/23/2014,47,25,36,8.33,-3.89,2.22,,,
1/24/2014,41,28,34.5,5.00,-2.22,1.39,,,
1/25/2014,56,26,41,13.33,-3.33,5.00,,,
1/26/2014,59,34,46.5,15.00,1.11,8.06,,,
1/27/2014,71,44,57.5,21.67,6.67,14.17,,,
1/28/2014,56,33,44.5,13.33,0.56,6.94,,,
1/29/2014,34,30,32,1.11,-1.11,0.00,,,
1/30/2014,41,28,34.5,5.00,-2.22,1.39,,,
1/31/2014,59,35,47,15.00,1.67,8.33,,,
2/1/2014,56,49,52.5,13.33,9.44,11.39,,,
2/2/2014,76,50,63,24.44,10.00,17.22,,,
2/3/2014,79,62,70.5,26.11,16.67,21.39,,,
2/4/2014,67,55,61,19.44,12.78,16.11,,,
2/5/2014,77,46,61.5,25.00,7.78,16.39,,,
2/6/2014,54,35,44.5,12.22,1.67,6.94,,,
2/7/2014,60,37,48.5,15.56,2.78,9.17,,,
2/8/2014,61,41,51,16.11,5.00,10.56,,,
2/9/2014,67,36,51.5,19.44,2.22,10.83,,,
2/10/2014,72,41,56.5,22.22,5.00,13.61,,,
2/11/2014,58,39,48.5,14.44,3.89,9.17,,,
2/12/2014,40,33,36.5,4.44,0.56,2.50,,,
2/13/2014,51,34,42.5,10.56,1.11,5.83,,,
2/14/2014,64,30,47,17.78,-1.11,8.33,,,
2/15/2014,59,36,47.5,15.00,2.22,8.61,,,
2/16/2014,65,30,47.5,18.33,-1.11,8.61,,,
2/17/2014,74,35,54.5,23.33,1.67,12.50,,,
2/18/2014,71,47,59,21.67,8.33,15.00,,,
2/19/2014,80,46,63,26.67,7.78,17.22,,,
2/20/2014,83,49,66,28.33,9.44,18.89,,,
2/21/2014,69,57,63,20.56,13.89,17.22,,,
2/22/2014,71,47,59,21.67,8.33,15.00,,,
2/23/2014,63,43,53,17.22,6.11,11.67,,,
2/24/2014,75,54,64.5,23.89,12.22,18.06,,,
2/25/2014,77,51,64,25.00,10.56,17.78,,,
2/26/2014,55,45,50,12.78,7.22,10.00,,,
2/27/2014,57,33,45,13.89,0.56,7.22,,,
2/28/2014,64,27,45.5,17.78,-2.78,7.50,,,
3/1/2014,68,40,54,20.00,4.44,12.22,,,
3/2/2014,74,40,57,23.33,4.44,13.89,,,
3/3/2014,77,49,63,25.00,9.44,17.22,,,
3/4/2014,51,40,45.5,10.56,4.44,7.50,,,
3/5/2014,45,37,41,7.22,2.78,5.00,,,
3/6/2014,45,38,41.5,7.22,3.33,5.28,,,
3/7/2014,52,38,45,11.11,3.33,7.22,,,
3/8/2014,69,34,51.5,20.56,1.11,10.83,,,
3/9/2014,76,42,59,24.44,5.56,15.00,,,
3/10/2014,78,46,62,25.56,7.78,16.67,,,
3/11/2014,81,47,64,27.22,8.33,17.78,,,
3/12/2014,75,49,62,23.89,9.44,16.67,,,
3/13/2014,60,36,48,15.56,2.22,8.89,,,
3/14/2014,69,30,49.5,20.56,-1.11,9.72,,,
3/15/2014,76,41,58.5,24.44,5.00,14.72,,,
3/16/2014,75,51,63,23.89,10.56,17.22,,,
3/17/2014,63,51,57,17.22,10.56,13.89,,,
3/18/2014,57,42,49.5,13.89,5.56,9.72,,,
3/19/2014,66,47,56.5,18.89,8.33,13.61,,,
3/20/2014,76,45,60.5,24.44,7.22,15.83,,,
3/21/2014,76,42,59,24.44,5.56,15.00,,,
3/22/2014,79,52,65.5,26.11,11.11,18.61,,,
3/23/2014,76,50,63,24.44,10.00,17.22,,,
3/24/2014,65,51,58,18.33,10.56,14.44,,,
3/25/2014,68,43,55.5,20.00,6.11,13.06,,,
3/26/2014,59,31,45,15.00,-0.56,7.22,,,
3/27/2014,71,34,52.5,21.67,1.11,11.39,,,
3/28/2014,73,52,62.5,22.78,11.11,16.94,,,
3/29/2014,79,57,68,26.11,13.89,20.00,,,
3/30/2014,70,47,58.5,21.11,8.33,14.72,,,
3/31/2014,79,37,58,26.11,2.78,14.44,,,
4/1/2014,84,42,63,28.89,5.56,17.22,,,
4/2/2014,84,46,65,28.89,7.78,18.33,,,
4/3/2014,88,50,69,31.11,10.00,20.56,,,
4/4/2014,82,56,69,27.78,13.33,20.56,,,
4/5/2014,82,61,71.5,27.78,16.11,21.94,,,
4/6/2014,69,59,64,20.56,15.00,17.78,,,
4/7/2014,76,61,68.5,24.44,16.11,20.28,,,
4/8/2014,71,56,63.5,21.67,13.33,17.50,,,
4/9/2014,74,49,61.5,23.33,9.44,16.39,,,
4/10/2014,77,44,60.5,25.00,6.67,15.83,,,
4/11/2014,80,50,65,26.67,10.00,18.33,,,
4/12/2014,83,52,67.5,28.33,11.11,19.72,,,
4/13/2014,83,52,67.5,28.33,11.11,19.72,,,
4/14/2014,86,60,73,30.00,15.56,22.78,,,
4/15/2014,72,46,59,22.22,7.78,15.00,,,
4/16/2014,63,40,51.5,17.22,4.44,10.83,,,
4/17/2014,68,47,57.5,20.00,8.33,14.17,,,
4/18/2014,59,54,56.5,15.00,12.22,13.61,,,
4/19/2014,61,55,58,16.11,12.78,14.44,,,
4/20/2014,67,52,59.5,19.44,11.11,15.28,,,
4/21/2014,78,50,64,25.56,10.00,17.78,,,
4/22/2014,83,51,67,28.33,10.56,19.44,,,
4/23/2014,83,58,70.5,28.33,14.44,21.39,,,
4/24/2014,85,55,70,29.44,12.78,21.11,,,
4/25/2014,82,60,71,27.78,15.56,21.67,,,
4/26/2014,85,53,69,29.44,11.67,20.56,,,
4/27/2014,88,57,72.5,31.11,13.89,22.50,,,
4/28/2014,88,63,75.5,31.11,17.22,24.17,,,
4/29/2014,79,67,73,26.11,19.44,22.78,,,
4/30/2014,79,64,71.5,26.11,17.78,21.94,,,
5/1/2014,70,61,65.5,21.11,16.11,18.61,,,
5/2/2014,68,60,64,20.00,15.56,17.78,,,
5/3/2014,77,53,65,25.00,11.67,18.33,,,
5/4/2014,86,50,68,30.00,10.00,20.00,,,
5/5/2014,91,56,73.5,32.78,13.33,23.06,,,
5/6/2014,89,58,73.5,31.67,14.44,23.06,,,
5/7/2014,91,55,73,32.78,12.78,22.78,,,
5/8/2014,91,60,75.5,32.78,15.56,24.17,,,
5/9/2014,92,69,80.5,33.33,20.56,26.94,,,
5/10/2014,87,69,78,30.56,20.56,25.56,,,
5/11/2014,91,65,78,32.78,18.33,25.56,,,
5/12/2014,90,61,75.5,32.22,16.11,24.17,,,
5/13/2014,89,63,76,31.67,17.22,24.44,,,
5/14/2014,89,64,76.5,31.67,17.78,24.72,,,
5/15/2014,79,59,69,26.11,15.00,20.56,,,
5/16/2014,76,53,64.5,24.44,11.67,18.06,,,
5/17/2014,80,46,63,26.67,7.78,17.22,,,
5/18/2014,85,54,69.5,29.44,12.22,20.83,,,
5/19/2014,82,60,71,27.78,15.56,21.67,,,
5/20/2014,84,56,70,28.89,13.33,21.11,,,
5/21/2014,89,58,73.5,31.67,14.44,23.06,,,
5/22/2014,91,67,79,32.78,19.44,26.11,,,
5/23/2014,94,68,81,34.44,20.00,27.22,,,
5/24/2014,91,67,79,32.78,19.44,26.11,,,
5/25/2014,92,66,79,33.33,18.89,26.11,,,
5/26/2014,89,66,77.5,31.67,18.89,25.28,,,
5/27/2014,88,66,77,31.11,18.89,25.00,,,
5/28/2014,92,68,80,33.33,20.00,26.67,,,
5/29/2014,91,65,78,32.78,18.33,25.56,,,
5/30/2014,87,66,76.5,30.56,18.89,24.72,,,
5/31/2014,90,66,78,32.22,18.89,25.56,,,
6/1/2014,80,69,74.5,26.67,20.56,23.61,,,
6/2/2014,80,66,73,26.67,18.89,22.78,,,
6/3/2014,85,67,76,29.44,19.44,24.44,,,
6/4/2014,89,62,75.5,31.67,16.67,24.17,,,
6/5/2014,92,70,81,33.33,21.11,27.22,,,
6/6/2014,95,71,83,35.00,21.67,28.33,,,
6/7/2014,87,68,77.5,30.56,20.00,25.28,,,
6/8/2014,92,70,81,33.33,21.11,27.22,,,
6/9/2014,93,70,81.5,33.89,21.11,27.50,,,
6/10/2014,94,69,81.5,34.44,20.56,27.50,,,
6/11/2014,90,69,79.5,32.22,20.56,26.39,,,
6/12/2014,89,70,79.5,31.67,21.11,26.39,,,
6/13/2014,90,70,80,32.22,21.11,26.67,,,
6/14/2014,89,67,78,31.67,19.44,25.56,,,
6/15/2014,92,69,80.5,33.33,20.56,26.94,,,
6/16/2014,92,68,80,33.33,20.00,26.67,,,
6/17/2014,92,67,79.5,33.33,19.44,26.39,,,
6/18/2014,91,65,78,32.78,18.33,25.56,,,
6/19/2014,93,69,81,33.89,20.56,27.22,,,
6/20/2014,96,69,82.5,35.56,20.56,28.06,,,
6/21/2014,95,70,82.5,35.00,21.11,28.06,,,
6/22/2014,92,70,81,33.33,21.11,27.22,,,
6/23/2014,89,71,80,31.67,21.67,26.67,,,
6/24/2014,91,71,81,32.78,21.67,27.22,,,
6/25/2014,93,70,81.5,33.89,21.11,27.50,,,
6/26/2014,93,73,83,33.89,22.78,28.33,,,
6/27/2014,93,74,83.5,33.89,23.33,28.61,,,
6/28/2014,95,72,83.5,35.00,22.22,28.61,,,
6/29/2014,93,69,81,33.89,20.56,27.22,,,
6/30/2014,94,70,82,34.44,21.11,27.78,,,
7/1/2014,95,70,82.5,35.00,21.11,28.06,,,
7/2/2014,94,71,82.5,34.44,21.67,28.06,,,
7/3/2014,98,72,85,36.67,22.22,29.44,,,
7/4/2014,92,66,79,33.33,18.89,26.11,,,
7/5/2014,92,63,77.5,33.33,17.22,25.28,,,
7/6/2014,91,70,80.5,32.78,21.11,26.94,,,
7/7/2014,93,70,81.5,33.89,21.11,27.50,,,
7/8/2014,94,70,82,34.44,21.11,27.78,,,
7/9/2014,95,73,84,35.00,22.78,28.89,,,
7/10/2014,94,69,81.5,34.44,20.56,27.50,,,
7/11/2014,89,69,79,31.67,20.56,26.11,,,
7/12/2014,90,70,80,32.22,21.11,26.67,,,
7/13/2014,92,70,81,33.33,21.11,27.22,,,
7/14/2014,95,73,84,35.00,22.78,28.89,,,
7/15/2014,93,74,83.5,33.89,23.33,28.61,,,
7/16/2014,89,72,80.5,31.67,22.22,26.94,,,
7/17/2014,92,64,78,33.33,17.78,25.56,,,
7/18/2014,93,68,80.5,33.89,20.00,26.94,,,
7/19/2014,88,72,80,31.11,22.22,26.67,,,
7/20/2014,90,69,79.5,32.22,20.56,26.39,,,
7/21/2014,88,71,79.5,31.11,21.67,26.39,,,
7/22/2014,91,69,80,32.78,20.56,26.67,,,
7/23/2014,96,69,82.5,35.56,20.56,28.06,,,
7/24/2014,95,72,83.5,35.00,22.22,28.61,,,
7/25/2014,96,73,84.5,35.56,22.78,29.17,,,
7/26/2014,96,74,85,35.56,23.33,29.44,,,
7/27/2014,99,75,87,37.22,23.89,30.56,,,
7/28/2014,98,78,88,36.67,25.56,31.11,,,
7/29/2014,93,68,80.5,33.89,20.00,26.94,,,
7/30/2014,94,68,81,34.44,20.00,27.22,,,
7/31/2014,96,71,83.5,35.56,21.67,28.61,,,
8/1/2014,90,71,80.5,32.22,21.67,26.94,,,
8/2/2014,91,72,81.5,32.78,22.22,27.50,,,
8/3/2014,90,73,81.5,32.22,22.78,27.50,,,
8/4/2014,89,73,81,31.67,22.78,27.22,,,
8/5/2014,94,72,83,34.44,22.22,28.33,,,
8/6/2014,95,70,82.5,35.00,21.11,28.06,,,
8/7/2014,97,71,84,36.11,21.67,28.89,,,
8/8/2014,95,71,83,35.00,21.67,28.33,,,
8/9/2014,96,71,83.5,35.56,21.67,28.61,,,
8/10/2014,94,71,82.5,34.44,21.67,28.06,,,
8/11/2014,91,73,82,32.78,22.78,27.78,,,
8/12/2014,90,72,81,32.22,22.22,27.22,,,
8/13/2014,91,72,81.5,32.78,22.22,27.50,,,
8/14/2014,92,74,83,33.33,23.33,28.33,,,
8/15/2014,94,71,82.5,34.44,21.67,28.06,,,
8/16/2014,94,74,84,34.44,23.33,28.89,,,
8/17/2014,93,71,82,33.89,21.67,27.78,,,
8/18/2014,95,73,84,35.00,22.78,28.89,,,
8/19/2014,90,72,81,32.22,22.22,27.22,,,
8/20/2014,95,70,82.5,35.00,21.11,28.06,,,
8/21/2014,97,71,84,36.11,21.67,28.89,,,
8/22/2014,98,72,85,36.67,22.22,29.44,,,
8/23/2014,99,73,86,37.22,22.78,30.00,,,
8/24/2014,91,72,81.5,32.78,22.22,27.50,,,
8/25/2014,87,70,78.5,30.56,21.11,25.83,,,
8/26/2014,91,68,79.5,32.78,20.00,26.39,,,
8/27/2014,92,64,78,33.33,17.78,25.56,,,
8/28/2014,93,59,76,33.89,15.00,24.44,,,
8/29/2014,95,63,79,35.00,17.22,26.11,,,
8/30/2014,96,71,83.5,35.56,21.67,28.61,,,
8/31/2014,97,73,85,36.11,22.78,29.44,,,
9/1/2014,95,72,83.5,35.00,22.22,28.61,,,
9/2/2014,95,72,83.5,35.00,22.22,28.61,,,
9/3/2014,92,69,80.5,33.33,20.56,26.94,,,
9/4/2014,90,70,80,32.22,21.11,26.67,,,
9/5/2014,90,70,80,32.22,21.11,26.67,,,
9/6/2014,87,74,80.5,30.56,23.33,26.94,,,
9/7/2014,88,74,81,31.11,23.33,27.22,,,
9/8/2014,87,73,80,30.56,22.78,26.67,,,
9/9/2014,86,73,79.5,30.00,22.78,26.39,,,
9/10/2014,92,72,82,33.33,22.22,27.78,,,
9/11/2014,92,71,81.5,33.33,21.67,27.50,,,
9/12/2014,95,71,83,35.00,21.67,28.33,,,
9/13/2014,93,72,82.5,33.89,22.22,28.06,,,
9/14/2014,90,72,81,32.22,22.22,27.22,,,
9/15/2014,91,73,82,32.78,22.78,27.78,,,
9/16/2014,87,71,79,30.56,21.67,26.11,,,
9/17/2014,91,69,80,32.78,20.56,26.67,,,
9/18/2014,87,65,76,30.56,18.33,24.44,,,
9/19/2014,84,70,77,28.89,21.11,25.00,,,
9/20/2014,84,63,73.5,28.89,17.22,23.06,,,
9/21/2014,89,60,74.5,31.67,15.56,23.61,,,
9/22/2014,91,59,75,32.78,15.00,23.89,,,
9/23/2014,83,65,74,28.33,18.33,23.33,,,
9/24/2014,66,59,62.5,18.89,15.00,16.94,,,
9/25/2014,75,61,68,23.89,16.11,20.00,,,
9/26/2014,77,68,72.5,25.00,20.00,22.50,,,
9/27/2014,79,67,73,26.11,19.44,22.78,,,
9/28/2014,78,70,74,25.56,21.11,23.33,,,
9/29/2014,78,68,73,25.56,20.00,22.78,,,
9/30/2014,79,67,73,26.11,19.44,22.78,,,
10/1/2014,86,63,74.5,30.00,17.22,23.61,,,
10/2/2014,88,62,75,31.11,16.67,23.89,,,
10/3/2014,87,67,77,30.56,19.44,25.00,,,
10/4/2014,76,49,62.5,24.44,9.44,16.94,,,
10/5/2014,72,44,58,22.22,6.67,14.44,,,
10/6/2014,79,45,62,26.11,7.22,16.67,,,
10/7/2014,85,56,70.5,29.44,13.33,21.39,,,
10/8/2014,88,60,74,31.11,15.56,23.33,,,
10/9/2014,90,63,76.5,32.22,17.22,24.72,,,
10/10/2014,89,69,79,31.67,20.56,26.11,,,
10/11/2014,90,65,77.5,32.22,18.33,25.28,,,
10/12/2014,89,64,76.5,31.67,17.78,24.72,,,
10/13/2014,87,64,75.5,30.56,17.78,24.17,,,
10/14/2014,80,70,75,26.67,21.11,23.89,,,
10/15/2014,76,53,64.5,24.44,11.67,18.06,,,
10/16/2014,75,49,62,23.89,9.44,16.67,,,
10/17/2014,80,47,63.5,26.67,8.33,17.50,,,
10/18/2014,84,51,67.5,28.89,10.56,19.72,,,
10/19/2014,75,50,62.5,23.89,10.00,16.94,,,
10/20/2014,80,46,63,26.67,7.78,17.22,,,
10/21/2014,81,53,67,27.22,11.67,19.44,,,
10/22/2014,73,45,59,22.78,7.22,15.00,,,
10/23/2014,74,42,58,23.33,5.56,14.44,,,
10/24/2014,76,46,61,24.44,7.78,16.11,,,
10/25/2014,79,43,61,26.11,6.11,16.11,,,
10/26/2014,87,48,67.5,30.56,8.89,19.72,,,
10/27/2014,89,52,70.5,31.67,11.11,21.39,,,
10/28/2014,84,52,68,28.89,11.11,20.00,,,
10/29/2014,84,56,70,28.89,13.33,21.11,,,
10/30/2014,76,50,63,24.44,10.00,17.22,,,
10/31/2014,73,49,61,22.78,9.44,16.11,,,
11/1/2014,58,40,49,14.44,4.44,9.44,,,
11/2/2014,61,32,46.5,16.11,0.00,8.06,,,
11/3/2014,67,29,48,19.44,-1.67,8.89,,,
11/4/2014,75,34,54.5,23.89,1.11,12.50,,,
11/5/2014,79,50,64.5,26.11,10.00,18.06,,,
11/6/2014,80,55,67.5,26.67,12.78,19.72,,,
11/7/2014,66,37,51.5,18.89,2.78,10.83,,,
11/8/2014,69,35,52,20.56,1.67,11.11,,,
11/9/2014,73,45,59,22.78,7.22,15.00,,,
11/10/2014,75,42,58.5,23.89,5.56,14.72,,,
11/11/2014,78,45,61.5,25.56,7.22,16.39,,,
11/12/2014,79,42,60.5,26.11,5.56,15.83,,,
11/13/2014,70,47,58.5,21.11,8.33,14.72,,,
11/14/2014,55,37,46,12.78,2.78,7.78,,,
11/15/2014,59,34,46.5,15.00,1.11,8.06,,,
11/16/2014,75,45,60,23.89,7.22,15.56,,,
11/17/2014,75,43,59,23.89,6.11,15.00,,,
11/18/2014,48,28,38,8.89,-2.22,3.33,,,
11/19/2014,52,20,36,11.11,-6.67,2.22,,,
11/20/2014,65,23,44,18.33,-5.00,6.67,,,
11/21/2014,69,32,50.5,20.56,0.00,10.28,,,
11/22/2014,70,44,57,21.11,6.67,13.89,,,
11/23/2014,73,59,66,22.78,15.00,18.89,,,
11/24/2014,75,62,68.5,23.89,16.67,20.28,,,
11/25/2014,64,49,56.5,17.78,9.44,13.61,,,
11/26/2014,61,40,50.5,16.11,4.44,10.28,,,
11/27/2014,56,36,46,13.33,2.22,7.78,,,
11/28/2014,52,32,42,11.11,0.00,5.56,,,
11/29/2014,63,30,46.5,17.22,-1.11,8.06,,,
11/30/2014,73,38,55.5,22.78,3.33,13.06,,,
12/1/2014,77,43,60,25.00,6.11,15.56,,,
12/2/2014,77,47,62,25.00,8.33,16.67,,,
12/3/2014,76,53,64.5,24.44,11.67,18.06,,,
12/4/2014,77,52,64.5,25.00,11.11,18.06,,,
12/5/2014,64,58,61,17.78,14.44,16.11,,,
12/6/2014,69,58,63.5,20.56,14.44,17.50,,,
12/7/2014,65,50,57.5,18.33,10.00,14.17,,,
12/8/2014,51,44,47.5,10.56,6.67,8.61,,,
12/9/2014,59,39,49,15.00,3.89,9.44,,,
12/10/2014,57,33,45,13.89,0.56,7.22,,,
12/11/2014,59,30,44.5,15.00,-1.11,6.94,,,
12/12/2014,63,28,45.5,17.22,-2.22,7.50,,,
12/13/2014,66,28,47,18.89,-2.22,8.33,,,
12/14/2014,70,31,50.5,21.11,-0.56,10.28,,,
12/15/2014,69,30,49.5,20.56,-1.11,9.72,,,
12/16/2014,72,39,55.5,22.22,3.89,13.06,,,
12/17/2014,64,36,50,17.78,2.22,10.00,,,
12/18/2014,66,38,52,18.89,3.33,11.11,,,
12/19/2014,66,41,53.5,18.89,5.00,11.94,,,
12/20/2014,60,50,55,15.56,10.00,12.78,,,
12/21/2014,54,48,51,12.22,8.89,10.56,,,
12/22/2014,56,48,52,13.33,8.89,11.11,,,
12/23/2014,62,56,59,16.67,13.33,15.00,,,
12/24/2014,71,56,63.5,21.67,13.33,17.50,,,
12/25/2014,59,38,48.5,15.00,3.33,9.17,,,
12/26/2014,64,34,49,17.78,1.11,9.44,,,
12/27/2014,72,40,56,22.22,4.44,13.33,,,
12/28/2014,80,52,66,26.67,11.11,18.89,,,
12/29/2014,68,60,64,20.00,15.56,17.78,,,
12/30/2014,66,52,59,18.89,11.11,15.00,,,
12/31/2014,52,36,44,11.11,2.22,6.67,,,
1/1/2015,60,37,48.5,15.56,2.78,9.17,,,
1/2/2015,65,53,59,18.33,11.67,15.00,,,
1/3/2015,76,57,66.5,24.44,13.89,19.17,,,
1/4/2015,75,56,65.5,23.89,13.33,18.61,,,
1/5/2015,59,37,48,15.00,2.78,8.89,,,
1/6/2015,62,34,48,16.67,1.11,8.89,,,
1/7/2015,60,31,45.5,15.56,-0.56,7.50,,,
1/8/2015,37,22,29.5,2.78,-5.56,-1.39,,,
1/9/2015,49,33,41,9.44,0.56,5.00,,,
1/10/2015,54,33,43.5,12.22,0.56,6.39,,,
1/11/2015,54,43,48.5,12.22,6.11,9.17,,,
1/12/2015,63,47,55,17.22,8.33,12.78,,,
1/13/2015,57,49,53,13.89,9.44,11.67,,,
1/14/2015,49,41,45,9.44,5.00,7.22,,,
1/15/2015,44,40,42,6.67,4.44,5.56,,,
1/16/2015,57,34,45.5,13.89,1.11,7.50,,,
1/17/2015,63,30,46.5,17.22,-1.11,8.06,,,
1/18/2015,67,37,52,19.44,2.78,11.11,,,
1/19/2015,66,30,48,18.89,-1.11,8.89,,,
1/20/2015,67,32,49.5,19.44,0.00,9.72,,,
1/21/2015,72,39,55.5,22.22,3.89,13.06,,,
1/22/2015,69,41,55,20.56,5.00,12.78,,,
1/23/2015,67,52,59.5,19.44,11.11,15.28,,,
1/24/2015,69,42,55.5,20.56,5.56,13.06,,,
1/25/2015,62,33,47.5,16.67,0.56,8.61,,,
1/26/2015,54,40,47,12.22,4.44,8.33,,,
1/27/2015,57,33,45,13.89,0.56,7.22,,,
1/28/2015,55,31,43,12.78,-0.56,6.11,,,
1/29/2015,63,29,46,17.22,-1.67,7.78,,,
1/30/2015,60,40,50,15.56,4.44,10.00,,,
1/31/2015,60,33,46.5,15.56,0.56,8.06,,,
2/1/2015,72,36,54,22.22,2.22,12.22,,,
2/2/2015,63,39,51,17.22,3.89,10.56,,,
2/3/2015,54,29,41.5,12.22,-1.67,5.28,,,
2/4/2015,52,39,45.5,11.11,3.89,7.50,,,
2/5/2015,63,43,53,17.22,6.11,11.67,,,
2/6/2015,55,31,43,12.78,-0.56,6.11,,,
2/7/2015,65,28,46.5,18.33,-2.22,8.06,,,
2/8/2015,71,37,54,21.67,2.78,12.22,,,
2/9/2015,70,41,55.5,21.11,5.00,13.06,,,
2/10/2015,57,42,49.5,13.89,5.56,9.72,,,
2/11/2015,62,34,48,16.67,1.11,8.89,,,
2/12/2015,66,37,51.5,18.89,2.78,10.83,,,
2/13/2015,48,28,38,8.89,-2.22,3.33,,,
2/14/2015,60,27,43.5,15.56,-2.78,6.39,,,
2/15/2015,56,39,47.5,13.33,3.89,8.61,,,
2/16/2015,64,39,51.5,17.78,3.89,10.83,,,
2/17/2015,64,39,51.5,17.78,3.89,10.83,,,
2/18/2015,53,32,42.5,11.67,0.00,5.83,,,
2/19/2015,38,25,31.5,3.33,-3.89,-0.28,,,
2/20/2015,45,22,33.5,7.22,-5.56,0.83,,,
2/21/2015,69,28,48.5,20.56,-2.22,9.17,,,
2/22/2015,77,53,65,25.00,11.67,18.33,,,
2/23/2015,67,53,60,19.44,11.67,15.56,,,
2/24/2015,53,45,49,11.67,7.22,9.44,,,
2/25/2015,49,42,45.5,9.44,5.56,7.50,,,
2/26/2015,48,40,44,8.89,4.44,6.67,,,
2/27/2015,53,41,47,11.67,5.00,8.33,,,
2/28/2015,47,41,44,8.33,5.00,6.67,,,
3/1/2015,55,43,49,12.78,6.11,9.44,,,
3/2/2015,70,49,59.5,21.11,9.44,15.28,,,
3/3/2015,82,53,67.5,27.78,11.67,19.72,,,
3/4/2015,83,58,70.5,28.33,14.44,21.39,,,
3/5/2015,82,49,65.5,27.78,9.44,18.61,,,
3/6/2015,49,37,43,9.44,2.78,6.11,,,
3/7/2015,64,33,48.5,17.78,0.56,9.17,,,
3/8/2015,72,34,53,22.22,1.11,11.67,,,
3/9/2015,79,43,61,26.11,6.11,16.11,,,
3/10/2015,86,51,68.5,30.00,10.56,20.28,,,
3/11/2015,86,55,70.5,30.00,12.78,21.39,,,
3/12/2015,77,58,67.5,25.00,14.44,19.72,,,
3/13/2015,63,57,60,17.22,13.89,15.56,,,
3/14/2015,82,61,71.5,27.78,16.11,21.94,,,
3/15/2015,78,55,66.5,25.56,12.78,19.17,,,
3/16/2015,84,47,65.5,28.89,8.33,18.61,,,
3/17/2015,85,50,67.5,29.44,10.00,19.72,,,
3/18/2015,76,60,68,24.44,15.56,20.00,,,
3/19/2015,69,59,64,20.56,15.00,17.78,,,
3/20/2015,77,58,67.5,25.00,14.44,19.72,,,
3/21/2015,80,64,72,26.67,17.78,22.22,,,
3/22/2015,67,60,63.5,19.44,15.56,17.50,,,
3/23/2015,61,57,59,16.11,13.89,15.00,,,
3/24/2015,67,56,61.5,19.44,13.33,16.39,,,
3/25/2015,73,57,65,22.78,13.89,18.33,,,
3/26/2015,77,57,67,25.00,13.89,19.44,,,
3/27/2015,71,50,60.5,21.67,10.00,15.83,,,
3/28/2015,59,41,50,15.00,5.00,10.00,,,
3/29/2015,63,35,49,17.22,1.67,9.44,,,
3/30/2015,73,41,57,22.78,5.00,13.89,,,
3/31/2015,80,52,66,26.67,11.11,18.89,,,
4/1/2015,82,57,69.5,27.78,13.89,20.83,,,
4/2/2015,79,60,69.5,26.11,15.56,20.83,,,
4/3/2015,85,59,72,29.44,15.00,22.22,,,
4/4/2015,80,58,69,26.67,14.44,20.56,,,
4/5/2015,76,52,64,24.44,11.11,17.78,,,
4/6/2015,82,59,70.5,27.78,15.00,21.39,,,
4/7/2015,84,60,72,28.89,15.56,22.22,,,
4/8/2015,89,61,75,31.67,16.11,23.89,,,
4/9/2015,88,63,75.5,31.11,17.22,24.17,,,
4/10/2015,88,63,75.5,31.11,17.22,24.17,,,
4/11/2015,81,65,73,27.22,18.33,22.78,,,
4/12/2015,73,65,69,22.78,18.33,20.56,,,
4/13/2015,81,67,74,27.22,19.44,23.33,,,
4/14/2015,87,67,77,30.56,19.44,25.00,,,
4/15/2015,81,66,73.5,27.22,18.89,23.06,,,
4/16/2015,68,59,63.5,20.00,15.00,17.50,,,
4/17/2015,77,57,67,25.00,13.89,19.44,,,
4/18/2015,84,67,75.5,28.89,19.44,24.17,,,
4/19/2015,78,65,71.5,25.56,18.33,21.94,,,
4/20/2015,72,63,67.5,22.22,17.22,19.72,,,
4/21/2015,76,56,66,24.44,13.33,18.89,,,
4/22/2015,82,52,67,27.78,11.11,19.44,,,
4/23/2015,86,59,72.5,30.00,15.00,22.50,,,
4/24/2015,80,63,71.5,26.67,17.22,21.94,,,
4/25/2015,86,60,73,30.00,15.56,22.78,,,
4/26/2015,87,65,76,30.56,18.33,24.44,,,
4/27/2015,73,62,67.5,22.78,16.67,19.72,,,
4/28/2015,67,58,62.5,19.44,14.44,16.94,,,
4/29/2015,64,59,61.5,17.78,15.00,16.39,,,
4/30/2015,78,54,66,25.56,12.22,18.89,,,
5/1/2015,74,51,62.5,23.33,10.56,16.94,,,
5/2/2015,78,47,62.5,25.56,8.33,16.94,,,
5/3/2015,82,51,66.5,27.78,10.56,19.17,,,
5/4/2015,82,51,66.5,27.78,10.56,19.17,,,
5/5/2015,80,56,68,26.67,13.33,20.00,,,
5/6/2015,81,59,70,27.22,15.00,21.11,,,
5/7/2015,84,54,69,28.89,12.22,20.56,,,
5/8/2015,88,62,75,31.11,16.67,23.89,,,
5/9/2015,88,60,74,31.11,15.56,23.33,,,
5/10/2015,91,61,76,32.78,16.11,24.44,,,
5/11/2015,93,65,79,33.89,18.33,26.11,,,
5/12/2015,93,67,80,33.89,19.44,26.67,,,
5/13/2015,89,64,76.5,31.67,17.78,24.72,,,
5/14/2015,86,66,76,30.00,18.89,24.44,,,
5/15/2015,85,64,74.5,29.44,17.78,23.61,,,
5/16/2015,86,59,72.5,30.00,15.00,22.50,,,
5/17/2015,90,58,74,32.22,14.44,23.33,,,
5/18/2015,92,66,79,33.33,18.89,26.11,,,
5/19/2015,94,68,81,34.44,20.00,27.22,,,
5/20/2015,92,67,79.5,33.33,19.44,26.39,,,
5/21/2015,92,71,81.5,33.33,21.67,27.50,,,
5/22/2015,84,62,73,28.89,16.67,22.78,,,
5/23/2015,85,57,71,29.44,13.89,21.67,,,
5/24/2015,87,64,75.5,30.56,17.78,24.17,,,
5/25/2015,88,67,77.5,31.11,19.44,25.28,,,
5/26/2015,92,69,80.5,33.33,20.56,26.94,,,
5/27/2015,89,67,78,31.67,19.44,25.56,,,
5/28/2015,88,63,75.5,31.11,17.22,24.17,,,
5/29/2015,88,60,74,31.11,15.56,23.33,,,
5/30/2015,87,65,76,30.56,18.33,24.44,,,
5/31/2015,89,67,78,31.67,19.44,25.56,,,
6/1/2015,88,66,77,31.11,18.89,25.00,,,
6/2/2015,84,65,74.5,28.89,18.33,23.61,,,
6/3/2015,86,69,77.5,30.00,20.56,25.28,,,
6/4/2015,87,66,76.5,30.56,18.89,24.72,,,
6/5/2015,88,68,78,31.11,20.00,25.56,,,
6/6/2015,91,65,78,32.78,18.33,25.56,,,
6/7/2015,91,70,80.5,32.78,21.11,26.94,,,
6/8/2015,91,65,78,32.78,18.33,25.56,,,
6/9/2015,91,71,81,32.78,21.67,27.22,,,
6/10/2015,89,70,79.5,31.67,21.11,26.39,,,
6/11/2015,88,70,79,31.11,21.11,26.11,,,
6/12/2015,90,68,79,32.22,20.00,26.11,,,
6/13/2015,93,68,80.5,33.89,20.00,26.94,,,
6/14/2015,95,69,82,35.00,20.56,27.78,,,
6/15/2015,96,68,82,35.56,20.00,27.78,,,
6/16/2015,99,71,85,37.22,21.67,29.44,,,
6/17/2015,99,73,86,37.22,22.78,30.00,,,
6/18/2015,97,71,84,36.11,21.67,28.89,,,
6/19/2015,96,74,85,35.56,23.33,29.44,,,
6/20/2015,95,75,85,35.00,23.89,29.44,,,
6/21/2015,96,76,86,35.56,24.44,30.00,,,
6/22/2015,97,73,85,36.11,22.78,29.44,,,
6/23/2015,84,72,78,28.89,22.22,25.56,,,
6/24/2015,93,72,82.5,33.89,22.22,28.06,,,
6/25/2015,94,73,83.5,34.44,22.78,28.61,,,
6/26/2015,93,72,82.5,33.89,22.22,28.06,,,
6/27/2015,90,75,82.5,32.22,23.89,28.06,,,
6/28/2015,86,72,79,30.00,22.22,26.11,,,
6/29/2015,88,69,78.5,31.11,20.56,25.83,,,
6/30/2015,89,68,78.5,31.67,20.00,25.83,,,
7/1/2015,91,69,80,32.78,20.56,26.67,,,
7/2/2015,91,71,81,32.78,21.67,27.22,,,
7/3/2015,91,70,80.5,32.78,21.11,26.94,,,
7/4/2015,92,72,82,33.33,22.22,27.78,,,
7/5/2015,90,69,79.5,32.22,20.56,26.39,,,
7/6/2015,88,70,79,31.11,21.11,26.11,,,
7/7/2015,92,71,81.5,33.33,21.67,27.50,,,
7/8/2015,93,71,82,33.89,21.67,27.78,,,
7/9/2015,94,71,82.5,34.44,21.67,28.06,,,
7/10/2015,96,74,85,35.56,23.33,29.44,,,
7/11/2015,96,73,84.5,35.56,22.78,29.17,,,
7/12/2015,97,74,85.5,36.11,23.33,29.72,,,
7/13/2015,97,73,85,36.11,22.78,29.44,,,
7/14/2015,95,73,84,35.00,22.78,28.89,,,
7/15/2015,96,72,84,35.56,22.22,28.89,,,
7/16/2015,95,72,83.5,35.00,22.22,28.61,,,
7/17/2015,95,73,84,35.00,22.78,28.89,,,
7/18/2015,95,73,84,35.00,22.78,28.89,,,
7/19/2015,94,74,84,34.44,23.33,28.89,,,
7/20/2015,95,73,84,35.00,22.78,28.89,,,
7/21/2015,96,78,87,35.56,25.56,30.56,,,
7/22/2015,97,76,86.5,36.11,24.44,30.28,,,
7/23/2015,97,74,85.5,36.11,23.33,29.72,,,
7/24/2015,92,73,82.5,33.33,22.78,28.06,,,
7/25/2015,90,68,79,32.22,20.00,26.11,,,
7/26/2015,92,67,79.5,33.33,19.44,26.39,,,
7/27/2015,94,72,83,34.44,22.22,28.33,,,
7/28/2015,95,74,84.5,35.00,23.33,29.17,,,
7/29/2015,94,73,83.5,34.44,22.78,28.61,,,
7/30/2015,93,74,83.5,33.89,23.33,28.61,,,
7/31/2015,92,75,83.5,33.33,23.89,28.61,,,
8/1/2015,91,74,82.5,32.78,23.33,28.06,,,
8/2/2015,89,76,82.5,31.67,24.44,28.06,,,
8/3/2015,90,75,82.5,32.22,23.89,28.06,,,
8/4/2015,95,73,84,35.00,22.78,28.89,,,
8/5/2015,94,73,83.5,34.44,22.78,28.61,,,
8/6/2015,88,75,81.5,31.11,23.89,27.50,,,
8/7/2015,94,76,85,34.44,24.44,29.44,,,
8/8/2015,94,73,83.5,34.44,22.78,28.61,,,
8/9/2015,94,73,83.5,34.44,22.78,28.61,,,
8/10/2015,89,70,79.5,31.67,21.11,26.39,,,
8/11/2015,90,72,81,32.22,22.22,27.22,,,
8/12/2015,96,75,85.5,35.56,23.89,29.72,,,
8/13/2015,93,71,82,33.89,21.67,27.78,,,
8/14/2015,92,71,81.5,33.33,21.67,27.50,,,
8/15/2015,92,70,81,33.33,21.11,27.22,,,
8/16/2015,89,70,79.5,31.67,21.11,26.39,,,
8/17/2015,90,72,81,32.22,22.22,27.22,,,
8/18/2015,93,72,82.5,33.89,22.22,28.06,,,
8/19/2015,94,74,84,34.44,23.33,28.89,,,
8/20/2015,94,75,84.5,34.44,23.89,29.17,,,
8/21/2015,96,73,84.5,35.56,22.78,29.17,,,
8/22/2015,96,73,84.5,35.56,22.78,29.17,,,
8/23/2015,93,71,82,33.89,21.67,27.78,,,
8/24/2015,91,71,81,32.78,21.67,27.22,,,
8/25/2015,93,71,82,33.89,21.67,27.78,,,
8/26/2015,91,67,79,32.78,19.44,26.11,,,
8/27/2015,94,65,79.5,34.44,18.33,26.39,,,
8/28/2015,87,69,78,30.56,20.56,25.56,,,
8/29/2015,86,74,80,30.00,23.33,26.67,,,
8/30/2015,88,73,80.5,31.11,22.78,26.94,,,
8/31/2015,90,72,81,32.22,22.22,27.22,,,
9/1/2015,88,71,79.5,31.11,21.67,26.39,,,
9/2/2015,83,74,78.5,28.33,23.33,25.83,,,
9/3/2015,89,72,80.5,31.67,22.22,26.94,,,
9/4/2015,94,71,82.5,34.44,21.67,28.06,,,
9/5/2015,92,70,81,33.33,21.11,27.22,,,
9/6/2015,89,70,79.5,31.67,21.11,26.39,,,
9/7/2015,84,71,77.5,28.89,21.67,25.28,,,
9/8/2015,90,73,81.5,32.22,22.78,27.50,,,
9/9/2015,90,73,81.5,32.22,22.78,27.50,,,
9/10/2015,91,73,82,32.78,22.78,27.78,,,
9/11/2015,88,72,80,31.11,22.22,26.67,,,
9/12/2015,76,71,73.5,24.44,21.67,23.06,,,
9/13/2015,81,55,68,27.22,12.78,20.00,,,
9/14/2015,84,54,69,28.89,12.22,20.56,,,
9/15/2015,84,64,74,28.89,17.78,23.33,,,
9/16/2015,81,71,76,27.22,21.67,24.44,,,
9/17/2015,84,70,77,28.89,21.11,25.00,,,
9/18/2015,88,69,78.5,31.11,20.56,25.83,,,
9/19/2015,90,68,79,32.22,20.00,26.11,,,
9/20/2015,91,65,78,32.78,18.33,25.56,,,
9/21/2015,89,65,77,31.67,18.33,25.00,,,
9/22/2015,85,68,76.5,29.44,20.00,24.72,,,
9/23/2015,79,68,73.5,26.11,20.00,23.06,,,
9/24/2015,75,62,68.5,23.89,16.67,20.28,,,
9/25/2015,75,60,67.5,23.89,15.56,19.72,,,
9/26/2015,87,67,77,30.56,19.44,25.00,,,
9/27/2015,76,70,73,24.44,21.11,22.78,,,
9/28/2015,83,71,77,28.33,21.67,25.00,,,
9/29/2015,88,75,81.5,31.11,23.89,27.50,,,
9/30/2015,85,73,79,29.44,22.78,26.11,,,
10/1/2015,89,70,79.5,31.67,21.11,26.39,,,
10/2/2015,73,63,68,22.78,17.22,20.00,,,
10/3/2015,70,58,64,21.11,14.44,17.78,,,
10/4/2015,72,62,67,22.22,16.67,19.44,,,
10/5/2015,71,63,67,21.67,17.22,19.44,,,
10/6/2015,75,60,67.5,23.89,15.56,19.72,,,
10/7/2015,82,57,69.5,27.78,13.89,20.83,,,
10/8/2015,85,56,70.5,29.44,13.33,21.39,,,
10/9/2015,85,68,76.5,29.44,20.00,24.72,,,
10/10/2015,83,65,74,28.33,18.33,23.33,,,
10/11/2015,68,63,65.5,20.00,17.22,18.61,,,
10/12/2015,78,57,67.5,25.56,13.89,19.72,,,
10/13/2015,83,56,69.5,28.33,13.33,20.83,,,
10/14/2015,82,54,68,27.78,12.22,20.00,,,
10/15/2015,83,49,66,28.33,9.44,18.89,,,
10/16/2015,86,51,68.5,30.00,10.56,20.28,,,
10/17/2015,78,55,66.5,25.56,12.78,19.17,,,
10/18/2015,69,47,58,20.56,8.33,14.44,,,
10/19/2015,71,39,55,21.67,3.89,12.78,,,
10/20/2015,77,49,63,25.00,9.44,17.22,,,
10/21/2015,81,58,69.5,27.22,14.44,20.83,,,
10/22/2015,84,61,72.5,28.89,16.11,22.50,,,
10/23/2015,84,57,70.5,28.89,13.89,21.39,,,
10/24/2015,83,54,68.5,28.33,12.22,20.28,,,
10/25/2015,82,67,74.5,27.78,19.44,23.61,,,
10/26/2015,76,64,70,24.44,17.78,21.11,,,
10/27/2015,69,61,65,20.56,16.11,18.33,,,
10/28/2015,83,66,74.5,28.33,18.89,23.61,,,
10/29/2015,82,58,70,27.78,14.44,21.11,,,
10/30/2015,79,53,66,26.11,11.67,18.89,,,
10/31/2015,81,51,66,27.22,10.56,18.89,,,
11/1/2015,87,65,76,30.56,18.33,24.44,,,
11/2/2015,89,68,78.5,31.67,20.00,25.83,,,
11/3/2015,83,72,77.5,28.33,22.22,25.28,,,
11/4/2015,78,72,75,25.56,22.22,23.89,,,
11/5/2015,83,70,76.5,28.33,21.11,24.72,,,
11/6/2015,85,69,77,29.44,20.56,25.00,,,
11/7/2015,84,69,76.5,28.89,20.56,24.72,,,
11/8/2015,73,55,64,22.78,12.78,17.78,,,
11/9/2015,65,58,61.5,18.33,14.44,16.39,,,
11/10/2015,67,55,61,19.44,12.78,16.11,,,
11/11/2015,75,54,64.5,23.89,12.22,18.06,,,
11/12/2015,82,53,67.5,27.78,11.67,19.72,,,
11/13/2015,73,51,62,22.78,10.56,16.67,,,
11/14/2015,66,40,53,18.89,4.44,11.67,,,
11/15/2015,71,37,54,21.67,2.78,12.22,,,
11/16/2015,78,50,64,25.56,10.00,17.78,,,
11/17/2015,79,58,68.5,26.11,14.44,20.28,,,
11/18/2015,77,69,73,25.00,20.56,22.78,,,
11/19/2015,76,60,68,24.44,15.56,20.00,,,
11/20/2015,75,51,63,23.89,10.56,17.22,,,
11/21/2015,72,52,62,22.22,11.11,16.67,,,
11/22/2015,67,44,55.5,19.44,6.67,13.06,,,
11/23/2015,57,34,45.5,13.89,1.11,7.50,,,
11/24/2015,62,31,46.5,16.67,-0.56,8.06,,,
11/25/2015,72,46,59,22.22,7.78,15.00,,,
11/26/2015,75,51,63,23.89,10.56,17.22,,,
11/27/2015,76,53,64.5,24.44,11.67,18.06,,,
11/28/2015,78,51,64.5,25.56,10.56,18.06,,,
11/29/2015,77,49,63,25.00,9.44,17.22,,,
11/30/2015,77,49,63,25.00,9.44,17.22,,,
12/1/2015,77,53,65,25.00,11.67,18.33,,,
12/2/2015,69,59,64,20.56,15.00,17.78,,,
12/3/2015,59,50,54.5,15.00,10.00,12.50,,,
12/4/2015,63,45,54,17.22,7.22,12.22,,,
12/5/2015,68,44,56,20.00,6.67,13.33,,,
12/6/2015,72,45,58.5,22.22,7.22,14.72,,,
12/7/2015,70,44,57,21.11,6.67,13.89,,,
12/8/2015,70,40,55,21.11,4.44,12.78,,,
12/9/2015,70,42,56,21.11,5.56,13.33,,,
12/10/2015,73,41,57,22.78,5.00,13.89,,,
12/11/2015,77,46,61.5,25.00,7.78,16.39,,,
12/12/2015,78,45,61.5,25.56,7.22,16.39,,,
12/13/2015,81,51,66,27.22,10.56,18.89,,,
12/14/2015,77,67,72,25.00,19.44,22.22,,,
12/15/2015,73,46,59.5,22.78,7.78,15.28,,,
12/16/2015,73,46,59.5,22.78,7.78,15.28,,,
12/17/2015,73,67,70,22.78,19.44,21.11,,,
12/18/2015,70,42,56,21.11,5.56,13.33,,,
12/19/2015,54,31,42.5,12.22,-0.56,5.83,,,
12/20/2015,64,31,47.5,17.78,-0.56,8.61,,,
12/21/2015,69,50,59.5,20.56,10.00,15.28,,,
12/22/2015,72,65,68.5,22.22,18.33,20.28,,,
12/23/2015,79,65,72,26.11,18.33,22.22,,,
12/24/2015,83,68,75.5,28.33,20.00,24.17,,,
12/25/2015,81,65,73,27.22,18.33,22.78,,,
12/26/2015,82,66,74,27.78,18.89,23.33,,,
12/27/2015,83,67,75,28.33,19.44,23.89,,,
12/28/2015,83,68,75.5,28.33,20.00,24.17,,,
12/29/2015,77,69,73,25.00,20.56,22.78,,,
12/30/2015,83,67,75,28.33,19.44,23.89,,,
12/31/2015,78,63,70.5,25.56,17.22,21.39,,,
1/1/2016,62,51,56.5,16.67,10.56,13.61,,,
1/2/2016,59,46,52.5,15.00,7.78,11.39,,,
1/3/2016,54,44,49,12.22,6.67,9.44,,,
1/4/2016,58,41,49.5,14.44,5.00,9.72,,,
1/5/2016,48,29,38.5,8.89,-1.67,3.61,,,
1/6/2016,53,32,42.5,11.67,0.00,5.83,,,
1/7/2016,58,42,50,14.44,5.56,10.00,,,
1/8/2016,65,51,58,18.33,10.56,14.44,,,
1/9/2016,60,51,55.5,15.56,10.56,13.06,,,
1/10/2016,64,39,51.5,17.78,3.89,10.83,,,
1/11/2016,53,30,41.5,11.67,-1.11,5.28,,,
1/12/2016,58,27,42.5,14.44,-2.78,5.83,,,
1/13/2016,57,32,44.5,13.89,0.00,6.94,,,
1/14/2016,59,29,44,15.00,-1.67,6.67,,,
1/15/2016,71,47,59,21.67,8.33,15.00,,,
1/16/2016,67,44,55.5,19.44,6.67,13.06,,,
1/17/2016,57,42,49.5,13.89,5.56,9.72,,,
1/18/2016,53,35,44,11.67,1.67,6.67,,,
1/19/2016,49,25,37,9.44,-3.89,2.78,,,
1/20/2016,59,25,42,15.00,-3.89,5.56,,,
1/21/2016,60,40,50,15.56,4.44,10.00,,,
1/22/2016,69,42,55.5,20.56,5.56,13.06,,,
1/23/2016,42,32,37,5.56,0.00,2.78,,,
1/24/2016,52,26,39,11.11,-3.33,3.89,,,
1/25/2016,62,28,45,16.67,-2.22,7.22,,,
1/26/2016,71,35,53,21.67,1.67,11.67,,,
1/27/2016,72,47,59.5,22.22,8.33,15.28,,,
1/28/2016,55,47,51,12.78,8.33,10.56,,,
1/29/2016,65,39,52,18.33,3.89,11.11,,,
1/30/2016,69,33,51,20.56,0.56,10.56,,,
1/31/2016,65,39,52,18.33,3.89,11.11,,,
2/1/2016,79,44,61.5,26.11,6.67,16.39,,,
2/2/2016,80,48,64,26.67,8.89,17.78,,,
2/3/2016,79,68,73.5,26.11,20.00,23.06,,,
2/4/2016,68,47,57.5,20.00,8.33,14.17,,,
2/5/2016,54,33,43.5,12.22,0.56,6.39,,,
2/6/2016,52,33,42.5,11.11,0.56,5.83,,,
2/7/2016,57,36,46.5,13.89,2.22,8.06,,,
2/8/2016,63,33,48,17.22,0.56,8.89,,,
2/9/2016,50,33,41.5,10.00,0.56,5.28,,,
2/10/2016,45,30,37.5,7.22,-1.11,3.06,,,
2/11/2016,66,26,46,18.89,-3.33,7.78,,,
2/12/2016,71,51,61,21.67,10.56,16.11,,,
2/13/2016,57,38,47.5,13.89,3.33,8.61,,,
2/14/2016,54,32,43,12.22,0.00,6.11,,,
2/15/2016,71,39,55,21.67,3.89,12.78,,,
2/16/2016,66,47,56.5,18.89,8.33,13.61,,,
2/17/2016,65,43,54,18.33,6.11,12.22,,,
2/18/2016,66,38,52,18.89,3.33,11.11,,,
2/19/2016,69,38,53.5,20.56,3.33,11.94,,,
2/20/2016,74,40,57,23.33,4.44,13.89,,,
2/21/2016,75,53,64,23.89,11.67,17.78,,,
2/22/2016,74,57,65.5,23.33,13.89,18.61,,,
2/23/2016,80,55,67.5,26.67,12.78,19.72,,,
2/24/2016,77,51,64,25.00,10.56,17.78,,,
2/25/2016,59,41,50,15.00,5.00,10.00,,,
2/26/2016,56,35,45.5,13.33,1.67,7.50,,,
2/27/2016,63,31,47,17.22,-0.56,8.33,,,
2/28/2016,70,32,51,21.11,0.00,10.56,,,
2/29/2016,73,39,56,22.78,3.89,13.33,,,
3/1/2016,76,45,60.5,24.44,7.22,15.83,,,
3/2/2016,67,43,55,19.44,6.11,12.78,,,
3/3/2016,73,35,54,22.78,1.67,12.22,,,
3/4/2016,62,41,51.5,16.67,5.00,10.83,,,
3/5/2016,68,36,52,20.00,2.22,11.11,,,
3/6/2016,69,40,54.5,20.56,4.44,12.50,,,
3/7/2016,75,41,58,23.89,5.00,14.44,,,
3/8/2016,79,45,62,26.11,7.22,16.67,,,
3/9/2016,81,50,65.5,27.22,10.00,18.61,,,
3/10/2016,83,59,71,28.33,15.00,21.67,,,
3/11/2016,84,55,69.5,28.89,12.78,20.83,,,
3/12/2016,84,54,69,28.89,12.22,20.56,,,
3/13/2016,75,66,70.5,23.89,18.89,21.39,,,
3/14/2016,84,63,73.5,28.89,17.22,23.06,,,
3/15/2016,87,57,72,30.56,13.89,22.22,,,
3/16/2016,84,63,73.5,28.89,17.22,23.06,,,
3/17/2016,75,62,68.5,23.89,16.67,20.28,,,
3/18/2016,73,60,66.5,22.78,15.56,19.17,,,
3/19/2016,75,62,68.5,23.89,16.67,20.28,,,
3/20/2016,71,50,60.5,21.67,10.00,15.83,,,
3/21/2016,62,40,51,16.67,4.44,10.56,,,
3/22/2016,71,35,53,21.67,1.67,11.67,,,
3/23/2016,78,39,58.5,25.56,3.89,14.72,,,
3/24/2016,82,49,65.5,27.78,9.44,18.61,,,
3/25/2016,69,58,63.5,20.56,14.44,17.50,,,
3/26/2016,78,62,70,25.56,16.67,21.11,,,
3/27/2016,72,63,67.5,22.22,17.22,19.72,,,
3/28/2016,79,60,69.5,26.11,15.56,20.83,,,
3/29/2016,73,50,61.5,22.78,10.00,16.39,,,
3/30/2016,78,47,62.5,25.56,8.33,16.94,,,
3/31/2016,85,63,74,29.44,17.22,23.33,,,
4/1/2016,82,65,73.5,27.78,18.33,23.06,,,
4/2/2016,74,57,65.5,23.33,13.89,18.61,,,
4/3/2016,74,50,62,23.33,10.00,16.67,,,
4/4/2016,78,45,61.5,25.56,7.22,16.39,,,
4/5/2016,78,50,64,25.56,10.00,17.78,,,
4/6/2016,75,50,62.5,23.89,10.00,16.94,,,
4/7/2016,76,56,66,24.44,13.33,18.89,,,
4/8/2016,74,47,60.5,23.33,8.33,15.83,,,
4/9/2016,73,42,57.5,22.78,5.56,14.17,,,
4/10/2016,72,42,57,22.22,5.56,13.89,,,
4/11/2016,80,48,64,26.67,8.89,17.78,,,
4/12/2016,78,58,68,25.56,14.44,20.00,,,
4/13/2016,70,55,62.5,21.11,12.78,16.94,,,
4/14/2016,63,56,59.5,17.22,13.33,15.28,,,
4/15/2016,58,55,56.5,14.44,12.78,13.61,,,
4/16/2016,73,51,62,22.78,10.56,16.67,,,
4/17/2016,75,46,60.5,23.89,7.78,15.83,,,
4/18/2016,80,41,60.5,26.67,5.00,15.83,,,
4/19/2016,83,44,63.5,28.33,6.67,17.50,,,
4/20/2016,79,50,64.5,26.11,10.00,18.06,,,
4/21/2016,81,55,68,27.22,12.78,20.00,,,
4/22/2016,82,62,72,27.78,16.67,22.22,,,
4/23/2016,82,58,70,27.78,14.44,21.11,,,
4/24/2016,83,53,68,28.33,11.67,20.00,,,
4/25/2016,84,55,69.5,28.89,12.78,20.83,,,
4/26/2016,84,59,71.5,28.89,15.00,21.94,,,
4/27/2016,89,63,76,31.67,17.22,24.44,,,
4/28/2016,85,66,75.5,29.44,18.89,24.17,,,
4/29/2016,91,67,79,32.78,19.44,26.11,,,
4/30/2016,90,65,77.5,32.22,18.33,25.28,,,
5/1/2016,89,68,78.5,31.67,20.00,25.83,,,
5/2/2016,89,67,78,31.67,19.44,25.56,,,
5/3/2016,85,65,75,29.44,18.33,23.89,,,
5/4/2016,78,58,68,25.56,14.44,20.00,,,
5/5/2016,73,53,63,22.78,11.67,17.22,,,
5/6/2016,73,47,60,22.78,8.33,15.56,,,
5/7/2016,81,48,64.5,27.22,8.89,18.06,,,
5/8/2016,89,53,71,31.67,11.67,21.67,,,
5/9/2016,88,56,72,31.11,13.33,22.22,,,
5/10/2016,81,64,72.5,27.22,17.78,22.50,,,
5/11/2016,89,60,74.5,31.67,15.56,23.61,,,
5/12/2016,91,63,77,32.78,17.22,25.00,,,
5/13/2016,88,67,77.5,31.11,19.44,25.28,,,
5/14/2016,86,57,71.5,30.00,13.89,21.94,,,
5/15/2016,84,57,70.5,28.89,13.89,21.39,,,
5/16/2016,87,54,70.5,30.56,12.22,21.39,,,
5/17/2016,88,69,78.5,31.11,20.56,25.83,,,
5/18/2016,82,67,74.5,27.78,19.44,23.61,,,
5/19/2016,80,67,73.5,26.67,19.44,23.06,,,
5/20/2016,84,69,76.5,28.89,20.56,24.72,,,
5/21/2016,86,66,76,30.00,18.89,24.44,,,
5/22/2016,81,58,69.5,27.22,14.44,20.83,,,
5/23/2016,84,54,69,28.89,12.22,20.56,,,
5/24/2016,88,56,72,31.11,13.33,22.22,,,
5/25/2016,89,60,74.5,31.67,15.56,23.61,,,
5/26/2016,88,61,74.5,31.11,16.11,23.61,,,
5/27/2016,87,59,73,30.56,15.00,22.78,,,
5/28/2016,88,63,75.5,31.11,17.22,24.17,,,
5/29/2016,86,63,74.5,30.00,17.22,23.61,,,
5/30/2016,93,64,78.5,33.89,17.78,25.83,,,
5/31/2016,93,67,80,33.89,19.44,26.67,,,
6/1/2016,94,66,80,34.44,18.89,26.67,,,
6/2/2016,93,69,81,33.89,20.56,27.22,,,
6/3/2016,95,72,83.5,35.00,22.22,28.61,,,
6/4/2016,95,71,83,35.00,21.67,28.33,,,
6/5/2016,90,73,81.5,32.22,22.78,27.50,,,
6/6/2016,76,72,74,24.44,22.22,23.33,,,
6/7/2016,91,70,80.5,32.78,21.11,26.94,,,
6/8/2016,92,64,78,33.33,17.78,25.56,,,
6/9/2016,93,60,76.5,33.89,15.56,24.72,,,
6/10/2016,95,67,81,35.00,19.44,27.22,,,
6/11/2016,93,69,81,33.89,20.56,27.22,,,
6/12/2016,95,72,83.5,35.00,22.22,28.61,,,
6/13/2016,97,77,87,36.11,25.00,30.56,,,
6/14/2016,97,73,85,36.11,22.78,29.44,,,
6/15/2016,92,74,83,33.33,23.33,28.33,,,
6/16/2016,89,76,82.5,31.67,24.44,28.06,,,
6/17/2016,97,70,83.5,36.11,21.11,28.61,,,
6/18/2016,84,68,76,28.89,20.00,24.44,,,
6/19/2016,85,68,76.5,29.44,20.00,24.72,,,
6/20/2016,87,62,74.5,30.56,16.67,23.61,,,
6/21/2016,90,62,76,32.22,16.67,24.44,,,
6/22/2016,93,67,80,33.89,19.44,26.67,,,
6/23/2016,93,66,79.5,33.89,18.89,26.39,,,
6/24/2016,95,71,83,35.00,21.67,28.33,,,
6/25/2016,98,75,86.5,36.67,23.89,30.28,,,
6/26/2016,82,72,77,27.78,22.22,25.00,,,
6/27/2016,93,71,82,33.89,21.67,27.78,,,
6/28/2016,96,72,84,35.56,22.22,28.89,,,
6/29/2016,89,71,80,31.67,21.67,26.67,,,
6/30/2016,89,71,80,31.67,21.67,26.67,,,
7/1/2016,89,74,81.5,31.67,23.33,27.50,,,
7/2/2016,94,74,84,34.44,23.33,28.89,,,
7/3/2016,96,76,86,35.56,24.44,30.00,,,
7/4/2016,95,77,86,35.00,25.00,30.00,,,
7/5/2016,95,76,85.5,35.00,24.44,29.72,,,
7/6/2016,96,75,85.5,35.56,23.89,29.72,,,
7/7/2016,95,71,83,35.00,21.67,28.33,,,
7/8/2016,95,77,86,35.00,25.00,30.00,,,
7/9/2016,98,76,87,36.67,24.44,30.56,,,
7/10/2016,96,70,83,35.56,21.11,28.33,,,
7/11/2016,96,71,83.5,35.56,21.67,28.61,,,
7/12/2016,97,71,84,36.11,21.67,28.89,,,
7/13/2016,97,68,82.5,36.11,20.00,28.06,,,
7/14/2016,97,72,84.5,36.11,22.22,29.17,,,
7/15/2016,97,72,84.5,36.11,22.22,29.17,,,
7/16/2016,97,72,84.5,36.11,22.22,29.17,,,
7/17/2016,97,71,84,36.11,21.67,28.89,,,
7/18/2016,96,68,82,35.56,20.00,27.78,,,
7/19/2016,96,72,84,35.56,22.22,28.89,,,
7/20/2016,96,72,84,35.56,22.22,28.89,,,
7/21/2016,96,72,84,35.56,22.22,28.89,,,
7/22/2016,96,71,83.5,35.56,21.67,28.61,,,
7/23/2016,96,72,84,35.56,22.22,28.89,,,
7/24/2016,97,71,84,36.11,21.67,28.89,,,
7/25/2016,95,71,83,35.00,21.67,28.33,,,
7/26/2016,96,73,84.5,35.56,22.78,29.17,,,
7/27/2016,96,72,84,35.56,22.22,28.89,,,
7/28/2016,99,73,86,37.22,22.78,30.00,,,
7/29/2016,99,74,86.5,37.22,23.33,30.28,,,
7/30/2016,99,73,86,37.22,22.78,30.00,,,
7/31/2016,97,73,85,36.11,22.78,29.44,,,
8/1/2016,93,73,83,33.89,22.78,28.33,,,
8/2/2016,91,70,80.5,32.78,21.11,26.94,,,
8/3/2016,95,74,84.5,35.00,23.33,29.17,,,
8/4/2016,93,74,83.5,33.89,23.33,28.61,,,
8/5/2016,90,74,82,32.22,23.33,27.78,,,
8/6/2016,93,74,83.5,33.89,23.33,28.61,,,
8/7/2016,92,71,81.5,33.33,21.67,27.50,,,
8/8/2016,90,74,82,32.22,23.33,27.78,,,
8/9/2016,87,75,81,30.56,23.89,27.22,,,
8/10/2016,92,73,82.5,33.33,22.78,28.06,,,
8/11/2016,94,72,83,34.44,22.22,28.33,,,
8/12/2016,94,74,84,34.44,23.33,28.89,,,
8/13/2016,95,72,83.5,35.00,22.22,28.61,,,
8/14/2016,95,70,82.5,35.00,21.11,28.06,,,
8/15/2016,94,70,82,34.44,21.11,27.78,,,
8/16/2016,95,74,84.5,35.00,23.33,29.17,,,
8/17/2016,94,71,82.5,34.44,21.67,28.06,,,
8/18/2016,96,73,84.5,35.56,22.78,29.17,,,
8/19/2016,93,71,82,33.89,21.67,27.78,,,
8/20/2016,94,75,84.5,34.44,23.89,29.17,,,
8/21/2016,95,74,84.5,35.00,23.33,29.17,,,
8/22/2016,95,75,85,35.00,23.89,29.44,,,
8/23/2016,94,75,84.5,34.44,23.89,29.17,,,
8/24/2016,92,70,81,33.33,21.11,27.22,,,
8/25/2016,91,68,79.5,32.78,20.00,26.39,,,
8/26/2016,92,68,80,33.33,20.00,26.67,,,
8/27/2016,93,64,78.5,33.89,17.78,25.83,,,
8/28/2016,93,73,83,33.89,22.78,28.33,,,
8/29/2016,91,72,81.5,32.78,22.22,27.50,,,
8/30/2016,90,73,81.5,32.22,22.78,27.50,,,
8/31/2016,83,74,78.5,28.33,23.33,25.83,,,
9/1/2016,86,72,79,30.00,22.22,26.11,,,
9/2/2016,85,71,78,29.44,21.67,25.56,,,
9/3/2016,86,67,76.5,30.00,19.44,24.72,,,
9/4/2016,86,70,78,30.00,21.11,25.56,,,
9/5/2016,88,65,76.5,31.11,18.33,24.72,,,
9/6/2016,88,62,75,31.11,16.67,23.89,,,
9/7/2016,90,62,76,32.22,16.67,24.44,,,
9/8/2016,92,65,78.5,33.33,18.33,25.83,,,
9/9/2016,93,63,78,33.89,17.22,25.56,,,
9/10/2016,92,65,78.5,33.33,18.33,25.83,,,
9/11/2016,94,72,83,34.44,22.22,28.33,,,
9/12/2016,91,72,81.5,32.78,22.22,27.50,,,
9/13/2016,87,71,79,30.56,21.67,26.11,,,
9/14/2016,88,71,79.5,31.11,21.67,26.39,,,
9/15/2016,90,69,79.5,32.22,20.56,26.39,,,
9/16/2016,88,70,79,31.11,21.11,26.11,,,
9/17/2016,91,70,80.5,32.78,21.11,26.94,,,
9/18/2016,90,69,79.5,32.22,20.56,26.39,,,
9/19/2016,89,72,80.5,31.67,22.22,26.94,,,
9/20/2016,91,70,80.5,32.78,21.11,26.94,,,
9/21/2016,90,68,79,32.22,20.00,26.11,,,
9/22/2016,84,68,76,28.89,20.00,24.44,,,
9/23/2016,90,67,78.5,32.22,19.44,25.83,,,
9/24/2016,92,67,79.5,33.33,19.44,26.39,,,
9/25/2016,90,68,79,32.22,20.00,26.11,,,
9/26/2016,89,69,79,31.67,20.56,26.11,,,
9/27/2016,89,68,78.5,31.67,20.00,25.83,,,
9/28/2016,91,67,79,32.78,19.44,26.11,,,
9/29/2016,91,67,79,32.78,19.44,26.11,,,
9/30/2016,84,56,70,28.89,13.33,21.11,,,
10/1/2016,86,52,69,30.00,11.11,20.56,,,
10/2/2016,90,55,72.5,32.22,12.78,22.50,,,
10/3/2016,89,66,77.5,31.67,18.89,25.28,,,
10/4/2016,85,68,76.5,29.44,20.00,24.72,,,
10/5/2016,77,65,71,25.00,18.33,21.67,,,
10/6/2016,82,67,74.5,27.78,19.44,23.61,,,
10/7/2016,74,70,72,23.33,21.11,22.22,,,
10/8/2016,87,70,78.5,30.56,21.11,25.83,,,
10/9/2016,82,53,67.5,27.78,11.67,19.72,,,
10/10/2016,75,53,64,23.89,11.67,17.78,,,
10/11/2016,78,51,64.5,25.56,10.56,18.06,,,
10/12/2016,81,57,69,27.22,13.89,20.56,,,
10/13/2016,84,58,71,28.89,14.44,21.67,,,
10/14/2016,84,54,69,28.89,12.22,20.56,,,
10/15/2016,80,66,73,26.67,18.89,22.78,,,
10/16/2016,81,63,72,27.22,17.22,22.22,,,
10/17/2016,87,62,74.5,30.56,16.67,23.61,,,
10/18/2016,87,59,73,30.56,15.00,22.78,,,
10/19/2016,86,59,72.5,30.00,15.00,22.50,,,
10/20/2016,86,57,71.5,30.00,13.89,21.94,,,
10/21/2016,80,57,68.5,26.67,13.89,20.28,,,
10/22/2016,72,45,58.5,22.22,7.22,14.72,,,
10/23/2016,75,40,57.5,23.89,4.44,14.17,,,
10/24/2016,82,44,63,27.78,6.67,17.22,,,
10/25/2016,82,47,64.5,27.78,8.33,18.06,,,
10/26/2016,82,58,70,27.78,14.44,21.11,,,
10/27/2016,80,58,69,26.67,14.44,20.56,,,
10/28/2016,84,54,69,28.89,12.22,20.56,,,
10/29/2016,85,53,69,29.44,11.67,20.56,,,
10/30/2016,85,52,68.5,29.44,11.11,20.28,,,
10/31/2016,87,55,71,30.56,12.78,21.67,,,
11/1/2016,82,55,68.5,27.78,12.78,20.28,,,
11/2/2016,82,61,71.5,27.78,16.11,21.94,,,
11/3/2016,85,56,70.5,29.44,13.33,21.39,,,
11/4/2016,83,57,70,28.33,13.89,21.11,,,
11/5/2016,72,44,58,22.22,6.67,14.44,,,
11/6/2016,76,43,59.5,24.44,6.11,15.28,,,
11/7/2016,75,47,61,23.89,8.33,16.11,,,
11/8/2016,73,46,59.5,22.78,7.78,15.28,,,
11/9/2016,72,50,61,22.22,10.00,16.11,,,
11/10/2016,70,42,56,21.11,5.56,13.33,,,
11/11/2016,78,37,57.5,25.56,2.78,14.17,,,
11/12/2016,70,44,57,21.11,6.67,13.89,,,
11/13/2016,63,49,56,17.22,9.44,13.33,,,
11/14/2016,68,45,56.5,20.00,7.22,13.61,,,
11/15/2016,73,41,57,22.78,5.00,13.89,,,
11/16/2016,74,42,58,23.33,5.56,14.44,,,
11/17/2016,78,40,59,25.56,4.44,15.00,,,
11/18/2016,80,41,60.5,26.67,5.00,15.83,,,
11/19/2016,77,44,60.5,25.00,6.67,15.83,,,
11/20/2016,64,34,49,17.78,1.11,9.44,,,
11/21/2016,66,33,49.5,18.89,0.56,9.72,,,
11/22/2016,69,30,49.5,20.56,-1.11,9.72,,,
11/23/2016,74,41,57.5,23.33,5.00,14.17,,,
11/24/2016,80,50,65,26.67,10.00,18.33,,,
11/25/2016,80,49,64.5,26.67,9.44,18.06,,,
11/26/2016,70,40,55,21.11,4.44,12.78,,,
11/27/2016,70,36,53,21.11,2.22,11.67,,,
11/28/2016,76,49,62.5,24.44,9.44,16.94,,,
11/29/2016,82,64,73,27.78,17.78,22.78,,,
11/30/2016,83,63,73,28.33,17.22,22.78,,,
12/1/2016,68,40,54,20.00,4.44,12.22,,,
12/2/2016,66,36,51,18.89,2.22,10.56,,,
12/3/2016,62,44,53,16.67,6.67,11.67,,,
12/4/2016,70,51,60.5,21.11,10.56,15.83,,,
12/5/2016,67,57,62,19.44,13.89,16.67,,,
12/6/2016,81,56,68.5,27.22,13.33,20.28,,,
12/7/2016,69,47,58,20.56,8.33,14.44,,,
12/8/2016,65,46,55.5,18.33,7.78,13.06,,,
12/9/2016,53,30,41.5,11.67,-1.11,5.28,,,
12/10/2016,56,28,42,13.33,-2.22,5.56,,,
12/11/2016,70,39,54.5,21.11,3.89,12.50,,,
12/12/2016,76,55,65.5,24.44,12.78,18.61,,,
12/13/2016,78,53,65.5,25.56,11.67,18.61,,,
12/14/2016,66,55,60.5,18.89,12.78,15.83,,,
12/15/2016,61,38,49.5,16.11,3.33,9.72,,,
12/16/2016,58,36,47,14.44,2.22,8.33,,,
12/17/2016,77,45,61,25.00,7.22,16.11,,,
12/18/2016,80,60,70,26.67,15.56,21.11,,,
12/19/2016,64,44,54,17.78,6.67,12.22,,,
12/20/2016,48,43,45.5,8.89,6.11,7.50,,,
12/21/2016,61,42,51.5,16.11,5.56,10.83,,,
12/22/2016,72,40,56,22.22,4.44,13.33,,,
12/23/2016,68,43,55.5,20.00,6.11,13.06,,,
12/24/2016,76,52,64,24.44,11.11,17.78,,,
12/25/2016,78,48,63,25.56,8.89,17.22,,,
12/26/2016,71,61,66,21.67,16.11,18.89,,,
12/27/2016,73,57,65,22.78,13.89,18.33,,,
12/28/2016,76,56,66,24.44,13.33,18.89,,,
12/29/2016,77,48,62.5,25.00,8.89,16.94,,,
12/30/2016,54,32,43,12.22,0.00,6.11,,,
12/31/2016,54,30,42,12.22,-1.11,5.56,,,
1/1/2017,76,49,62.5,24.44,9.44,16.94,,,
1/2/2017,82,61,71.5,27.78,16.11,21.94,,,
1/3/2017,76,63,69.5,24.44,17.22,20.83,,,
1/4/2017,66,50,58,18.89,10.00,14.44,,,
1/5/2017,66,40,53,18.89,4.44,11.67,,,
1/6/2017,65,47,56,18.33,8.33,13.33,,,
1/7/2017,48,30,39,8.89,-1.11,3.89,,,
1/8/2017,44,25,34.5,6.67,-3.89,1.39,,,
1/9/2017,51,24,37.5,10.56,-4.44,3.06,,,
1/10/2017,68,33,50.5,20.00,0.56,10.28,,,
1/11/2017,74,44,59,23.33,6.67,15.00,,,
1/12/2017,77,44,60.5,25.00,6.67,15.83,,,
1/13/2017,78,46,62,25.56,7.78,16.67,,,
1/14/2017,77,44,60.5,25.00,6.67,15.83,,,
1/15/2017,77,50,63.5,25.00,10.00,17.50,,,
1/16/2017,78,49,63.5,25.56,9.44,17.50,,,
1/17/2017,78,57,67.5,25.56,13.89,19.72,,,
1/18/2017,77,56,66.5,25.00,13.33,19.17,,,
1/19/2017,77,50,63.5,25.00,10.00,17.50,,,
1/20/2017,77,63,70,25.00,17.22,21.11,,,
1/21/2017,77,60,68.5,25.00,15.56,20.28,,,
1/22/2017,68,57,62.5,20.00,13.89,16.94,,,
1/23/2017,62,51,56.5,16.67,10.56,13.61,,,
1/24/2017,68,47,57.5,20.00,8.33,14.17,,,
1/25/2017,75,40,57.5,23.89,4.44,14.17,,,
1/26/2017,69,53,61,20.56,11.67,16.11,,,
1/27/2017,55,42,48.5,12.78,5.56,9.17,,,
1/28/2017,53,39,46,11.67,3.89,7.78,,,
1/29/2017,59,37,48,15.00,2.78,8.89,,,
1/30/2017,60,37,48.5,15.56,2.78,9.17,,,
1/31/2017,74,36,55,23.33,2.22,12.78,,,
2/1/2017,73,44,58.5,22.78,6.67,14.72,,,
2/2/2017,74,47,60.5,23.33,8.33,15.83,,,
2/3/2017,75,49,62,23.89,9.44,16.67,,,
2/4/2017,57,42,49.5,13.89,5.56,9.72,,,
2/5/2017,65,35,50,18.33,1.67,10.00,,,
2/6/2017,73,45,59,22.78,7.22,15.00,,,
2/7/2017,79,53,66,26.11,11.67,18.89,,,
2/8/2017,76,55,65.5,24.44,12.78,18.61,,,
2/9/2017,71,41,56,21.67,5.00,13.33,,,
2/10/2017,62,33,47.5,16.67,0.56,8.61,,,
2/11/2017,78,41,59.5,25.56,5.00,15.28,,,
2/12/2017,79,60,69.5,26.11,15.56,20.83,,,
2/13/2017,74,45,59.5,23.33,7.22,15.28,,,
2/14/2017,77,40,58.5,25.00,4.44,14.72,,,
2/15/2017,79,54,66.5,26.11,12.22,19.17,,,
2/16/2017,65,39,52,18.33,3.89,11.11,,,
2/17/2017,72,35,53.5,22.22,1.67,11.94,,,
2/18/2017,68,46,57,20.00,7.78,13.89,,,
2/19/2017,77,50,63.5,25.00,10.00,17.50,,,
2/20/2017,79,47,63,26.11,8.33,17.22,,,
2/21/2017,76,48,62,24.44,8.89,16.67,,,
2/22/2017,70,63,66.5,21.11,17.22,19.17,,,
2/23/2017,79,57,68,26.11,13.89,20.00,,,
2/24/2017,83,57,70,28.33,13.89,21.11,,,
2/25/2017,79,56,67.5,26.11,13.33,19.72,,,
2/26/2017,68,35,51.5,20.00,1.67,10.83,,,
2/27/2017,79,40,59.5,26.11,4.44,15.28,,,
2/28/2017,85,58,71.5,29.44,14.44,21.94,,,
3/1/2017,82,62,72,27.78,16.67,22.22,,,
3/2/2017,71,42,56.5,21.67,5.56,13.61,,,
3/3/2017,68,40,54,20.00,4.44,12.22,,,
3/4/2017,67,38,52.5,19.44,3.33,11.39,,,
3/5/2017,70,37,53.5,21.11,2.78,11.94,,,
3/6/2017,73,55,64,22.78,12.78,17.78,,,
3/7/2017,79,50,64.5,26.11,10.00,18.06,,,
3/8/2017,75,48,61.5,23.89,8.89,16.39,,,
3/9/2017,79,41,60,26.11,5.00,15.56,,,
3/10/2017,79,46,62.5,26.11,7.78,16.94,,,
3/11/2017,71,44,57.5,21.67,6.67,14.17,,,
3/12/2017,62,44,53,16.67,6.67,11.67,,,
3/13/2017,47,40,43.5,8.33,4.44,6.39,,,
3/14/2017,54,43,48.5,12.22,6.11,9.17,,,
3/15/2017,52,30,41,11.11,-1.11,5.00,,,
3/16/2017,58,27,42.5,14.44,-2.78,5.83,,,
3/17/2017,70,30,50,21.11,-1.11,10.00,,,
3/18/2017,79,41,60,26.11,5.00,15.56,,,
3/19/2017,70,43,56.5,21.11,6.11,13.61,,,
3/20/2017,76,36,56,24.44,2.22,13.33,,,
3/21/2017,86,51,68.5,30.00,10.56,20.28,,,
3/22/2017,86,59,72.5,30.00,15.00,22.50,,,
3/23/2017,69,53,61,20.56,11.67,16.11,,,
3/24/2017,78,50,64,25.56,10.00,17.78,,,
3/25/2017,79,52,65.5,26.11,11.11,18.61,,,
3/26/2017,82,56,69,27.78,13.33,20.56,,,
3/27/2017,83,60,71.5,28.33,15.56,21.94,,,
3/28/2017,83,59,71,28.33,15.00,21.67,,,
3/29/2017,87,60,73.5,30.56,15.56,23.06,,,
3/30/2017,88,64,76,31.11,17.78,24.44,,,
3/31/2017,84,57,70.5,28.89,13.89,21.39,,,
4/1/2017,85,49,67,29.44,9.44,19.44,,,
4/2/2017,88,49,68.5,31.11,9.44,20.28,,,
4/3/2017,87,64,75.5,30.56,17.78,24.17,,,
4/4/2017,86,62,74,30.00,16.67,23.33,,,
4/5/2017,84,66,75,28.89,18.89,23.89,,,
4/6/2017,73,53,63,22.78,11.67,17.22,,,
4/7/2017,69,44,56.5,20.56,6.67,13.61,,,
4/8/2017,71,37,54,21.67,2.78,12.22,,,
4/9/2017,77,40,58.5,25.00,4.44,14.72,,,
4/10/2017,81,48,64.5,27.22,8.89,18.06,,,
4/11/2017,81,50,65.5,27.22,10.00,18.61,,,
4/12/2017,82,51,66.5,27.78,10.56,19.17,,,
4/13/2017,83,52,67.5,28.33,11.11,19.72,,,
4/14/2017,83,53,68,28.33,11.67,20.00,,,
4/15/2017,83,56,69.5,28.33,13.33,20.83,,,
4/16/2017,84,59,71.5,28.89,15.00,21.94,,,
4/17/2017,85,54,69.5,29.44,12.22,20.83,,,
4/18/2017,87,58,72.5,30.56,14.44,22.50,,,
4/19/2017,86,58,72,30.00,14.44,22.22,,,
4/20/2017,86,56,71,30.00,13.33,21.67,,,
4/21/2017,88,58,73,31.11,14.44,22.78,,,
4/22/2017,87,59,73,30.56,15.00,22.78,,,
4/23/2017,88,62,75,31.11,16.67,23.89,,,
4/24/2017,71,58,64.5,21.67,14.44,18.06,,,
4/25/2017,83,57,70,28.33,13.89,21.11,,,
4/26/2017,85,55,70,29.44,12.78,21.11,,,
4/27/2017,91,57,74,32.78,13.89,23.33,,,
4/28/2017,94,65,79.5,34.44,18.33,26.39,,,
4/29/2017,92,71,81.5,33.33,21.67,27.50,,,
4/30/2017,92,70,81,33.33,21.11,27.22,,,
5/1/2017,90,69,79.5,32.22,20.56,26.39,,,
5/2/2017,84,55,69.5,28.89,12.78,20.83,,,
5/3/2017,90,49,69.5,32.22,9.44,20.83,,,
5/4/2017,80,64,72,26.67,17.78,22.22,,,
5/5/2017,70,56,63,21.11,13.33,17.22,,,
5/6/2017,76,52,64,24.44,11.11,17.78,,,
5/7/2017,81,50,65.5,27.22,10.00,18.61,,,
5/8/2017,83,46,64.5,28.33,7.78,18.06,,,
5/9/2017,90,51,70.5,32.22,10.56,21.39,,,
5/10/2017,93,57,75,33.89,13.89,23.89,,,
5/11/2017,94,66,80,34.44,18.89,26.67,,,
5/12/2017,89,63,76,31.67,17.22,24.44,,,
5/13/2017,84,64,74,28.89,17.78,23.33,,,
5/14/2017,86,61,73.5,30.00,16.11,23.06,,,
5/15/2017,91,56,73.5,32.78,13.33,23.06,,,
5/16/2017,94,58,76,34.44,14.44,24.44,,,
5/17/2017,93,63,78,33.89,17.22,25.56,,,
5/18/2017,92,65,78.5,33.33,18.33,25.83,,,
5/19/2017,92,61,76.5,33.33,16.11,24.72,,,
5/20/2017,93,73,83,33.89,22.78,28.33,,,
5/21/2017,86,75,80.5,30.00,23.89,26.94,,,
5/22/2017,89,69,79,31.67,20.56,26.11,,,
5/23/2017,83,72,77.5,28.33,22.22,25.28,,,
5/24/2017,76,67,71.5,24.44,19.44,21.94,,,
5/25/2017,79,57,68,26.11,13.89,20.00,,,
5/26/2017,87,53,70,30.56,11.67,21.11,,,
5/27/2017,92,60,76,33.33,15.56,24.44,,,
5/28/2017,94,66,80,34.44,18.89,26.67,,,
5/29/2017,96,72,84,35.56,22.22,28.89,,,
5/30/2017,92,72,82,33.33,22.22,27.78,,,
5/31/2017,91,69,80,32.78,20.56,26.67,,,
6/1/2017,85,68,76.5,29.44,20.00,24.72,,,
6/2/2017,90,70,80,32.22,21.11,26.67,,,
6/3/2017,92,68,80,33.33,20.00,26.67,,,
6/4/2017,92,70,81,33.33,21.11,27.22,,,
6/5/2017,90,72,81,32.22,22.22,27.22,,,
6/6/2017,81,72,76.5,27.22,22.22,24.72,,,
6/7/2017,79,67,73,26.11,19.44,22.78,,,
6/8/2017,83,63,73,28.33,17.22,22.78,,,
6/9/2017,87,60,73.5,30.56,15.56,23.06,,,
6/10/2017,91,60,75.5,32.78,15.56,24.17,,,
6/11/2017,87,73,80,30.56,22.78,26.67,,,
6/12/2017,81,73,77,27.22,22.78,25.00,,,
6/13/2017,88,71,79.5,31.11,21.67,26.39,,,
6/14/2017,90,69,79.5,32.22,20.56,26.39,,,
6/15/2017,92,71,81.5,33.33,21.67,27.50,,,
6/16/2017,92,73,82.5,33.33,22.78,28.06,,,
6/17/2017,94,72,83,34.44,22.22,28.33,,,
6/18/2017,93,68,80.5,33.89,20.00,26.94,,,
6/19/2017,92,74,83,33.33,23.33,28.33,,,
6/20/2017,80,74,77,26.67,23.33,25.00,,,
6/21/2017,87,74,80.5,30.56,23.33,26.94,,,
6/22/2017,92,74,83,33.33,23.33,28.33,,,
6/23/2017,93,74,83.5,33.89,23.33,28.61,,,
6/24/2017,94,73,83.5,34.44,22.78,28.61,,,
6/25/2017,91,74,82.5,32.78,23.33,28.06,,,
6/26/2017,89,70,79.5,31.67,21.11,26.39,,,
6/27/2017,89,70,79.5,31.67,21.11,26.39,,,
6/28/2017,88,67,77.5,31.11,19.44,25.28,,,
6/29/2017,89,72,80.5,31.67,22.22,26.94,,,
6/30/2017,94,74,84,34.44,23.33,28.89,,,
7/1/2017,94,73,83.5,34.44,22.78,28.61,,,
7/2/2017,96,73,84.5,35.56,22.78,29.17,,,
7/3/2017,95,73,84,35.00,22.78,28.89,,,
7/4/2017,97,72,84.5,36.11,22.22,29.17,,,
7/5/2017,99,74,86.5,37.22,23.33,30.28,,,
7/6/2017,97,72,84.5,36.11,22.22,29.17,,,
7/7/2017,97,76,86.5,36.11,24.44,30.28,,,
7/8/2017,97,73,85,36.11,22.78,29.44,,,
7/9/2017,94,71,82.5,34.44,21.67,28.06,,,
7/10/2017,89,73,81,31.67,22.78,27.22,,,
7/11/2017,93,73,83,33.89,22.78,28.33,,,
7/12/2017,94,72,83,34.44,22.22,28.33,,,
7/13/2017,95,70,82.5,35.00,21.11,28.06,,,
7/14/2017,95,72,83.5,35.00,22.22,28.61,,,
7/15/2017,95,73,84,35.00,22.78,28.89,,,
7/16/2017,93,73,83,33.89,22.78,28.33,,,
7/17/2017,85,73,79,29.44,22.78,26.11,,,
7/18/2017,91,73,82,32.78,22.78,27.78,,,
7/19/2017,94,71,82.5,34.44,21.67,28.06,,,
7/20/2017,95,72,83.5,35.00,22.22,28.61,,,
7/21/2017,95,71,83,35.00,21.67,28.33,,,
7/22/2017,94,71,82.5,34.44,21.67,28.06,,,
7/23/2017,93,77,85,33.89,25.00,29.44,,,
7/24/2017,93,76,84.5,33.89,24.44,29.17,,,
7/25/2017,93,73,83,33.89,22.78,28.33,,,
7/26/2017,89,73,81,31.67,22.78,27.22,,,
7/27/2017,91,75,83,32.78,23.89,28.33,,,
7/28/2017,95,75,85,35.00,23.89,29.44,,,
7/29/2017,89,77,83,31.67,25.00,28.33,,,
7/30/2017,88,71,79.5,31.11,21.67,26.39,,,
7/31/2017,87,64,75.5,30.56,17.78,24.17,,,
8/1/2017,91,60,75.5,32.78,15.56,24.17,,,
8/2/2017,91,68,79.5,32.78,20.00,26.39,,,
8/3/2017,87,75,81,30.56,23.89,27.22,,,
8/4/2017,89,74,81.5,31.67,23.33,27.50,,,
8/5/2017,89,73,81,31.67,22.78,27.22,,,
8/6/2017,92,73,82.5,33.33,22.78,28.06,,,
8/7/2017,94,71,82.5,34.44,21.67,28.06,,,
8/8/2017,93,73,83,33.89,22.78,28.33,,,
8/9/2017,92,73,82.5,33.33,22.78,28.06,,,
8/10/2017,93,72,82.5,33.89,22.22,28.06,,,
8/11/2017,94,73,83.5,34.44,22.78,28.61,,,
8/12/2017,95,76,85.5,35.00,24.44,29.72,,,
8/13/2017,95,76,85.5,35.00,24.44,29.72,,,
8/14/2017,96,76,86,35.56,24.44,30.00,,,
8/15/2017,96,75,85.5,35.56,23.89,29.72,,,
8/16/2017,95,76,85.5,35.00,24.44,29.72,,,
8/17/2017,97,75,86,36.11,23.89,30.00,,,
8/18/2017,97,76,86.5,36.11,24.44,30.28,,,
8/19/2017,96,75,85.5,35.56,23.89,29.72,,,
8/20/2017,99,72,85.5,37.22,22.22,29.72,,,
8/21/2017,91,71,81,32.78,21.67,27.22,,,
8/22/2017,94,72,83,34.44,22.22,28.33,,,
8/23/2017,96,73,84.5,35.56,22.78,29.17,,,
8/24/2017,98,72,85,36.67,22.22,29.44,,,
8/25/2017,95,72,83.5,35.00,22.22,28.61,,,
8/26/2017,90,76,83,32.22,24.44,28.33,,,
8/27/2017,87,75,81,30.56,23.89,27.22,,,
8/28/2017,84,72,78,28.89,22.22,25.56,,,
8/29/2017,88,71,79.5,31.11,21.67,26.39,,,
8/30/2017,91,70,80.5,32.78,21.11,26.94,,,
8/31/2017,94,70,82,34.44,21.11,27.78,,,
9/1/2017,92,72,82,33.33,22.22,27.78,,,
9/2/2017,87,72,79.5,30.56,22.22,26.39,,,
9/3/2017,91,69,80,32.78,20.56,26.67,,,
9/4/2017,92,70,81,33.33,21.11,27.22,,,
9/5/2017,92,74,83,33.33,23.33,28.33,,,
9/6/2017,87,66,76.5,30.56,18.89,24.72,,,
9/7/2017,84,63,73.5,28.89,17.22,23.06,,,
9/8/2017,86,63,74.5,30.00,17.22,23.61,,,
9/9/2017,77,66,71.5,25.00,18.89,21.94,,,
9/10/2017,73,63,68,22.78,17.22,20.00,,,
9/11/2017,75,63,69,23.89,17.22,20.56,,,
9/12/2017,82,63,72.5,27.78,17.22,22.50,,,
9/13/2017,84,62,73,28.89,16.67,22.78,,,
9/14/2017,89,69,79,31.67,20.56,26.11,,,
9/15/2017,92,71,81.5,33.33,21.67,27.50,,,
9/16/2017,91,71,81,32.78,21.67,27.22,,,
9/17/2017,91,67,79,32.78,19.44,26.11,,,
9/18/2017,91,65,78,32.78,18.33,25.56,,,
9/19/2017,93,67,80,33.89,19.44,26.67,,,
9/20/2017,93,69,81,33.89,20.56,27.22,,,
9/21/2017,91,69,80,32.78,20.56,26.67,,,
9/22/2017,90,67,78.5,32.22,19.44,25.83,,,
9/23/2017,88,68,78,31.11,20.00,25.56,,,
9/24/2017,89,69,79,31.67,20.56,26.11,,,
9/25/2017,91,67,79,32.78,19.44,26.11,,,
9/26/2017,91,64,77.5,32.78,17.78,25.28,,,
9/27/2017,93,67,80,33.89,19.44,26.67,,,
9/28/2017,95,69,82,35.00,20.56,27.78,,,
9/29/2017,95,70,82.5,35.00,21.11,28.06,,,
9/30/2017,86,71,78.5,30.00,21.67,25.83,,,
10/1/2017,76,67,71.5,24.44,19.44,21.94,,,
10/2/2017,85,64,74.5,29.44,17.78,23.61,,,
10/3/2017,84,68,76,28.89,20.00,24.44,,,
10/4/2017,84,67,75.5,28.89,19.44,24.17,,,
10/5/2017,86,69,77.5,30.00,20.56,25.28,,,
10/6/2017,87,69,78,30.56,20.56,25.56,,,
10/7/2017,91,75,83,32.78,23.89,28.33,,,
10/8/2017,88,75,81.5,31.11,23.89,27.50,,,
10/9/2017,90,75,82.5,32.22,23.89,28.06,,,
10/10/2017,92,75,83.5,33.33,23.89,28.61,,,
10/11/2017,84,72,78,28.89,22.22,25.56,,,
10/12/2017,91,69,80,32.78,20.56,26.67,,,
10/13/2017,88,69,78.5,31.11,20.56,25.83,,,
10/14/2017,85,70,77.5,29.44,21.11,25.28,,,
10/15/2017,89,66,77.5,31.67,18.89,25.28,,,
10/16/2017,87,66,76.5,30.56,18.89,24.72,,,
10/17/2017,73,54,63.5,22.78,12.22,17.50,,,
10/18/2017,79,53,66,26.11,11.67,18.89,,,
10/19/2017,82,57,69.5,27.78,13.89,20.83,,,
10/20/2017,84,53,68.5,28.89,11.67,20.28,,,
10/21/2017,83,61,72,28.33,16.11,22.22,,,
10/22/2017,87,67,77,30.56,19.44,25.00,,,
10/23/2017,80,64,72,26.67,17.78,22.22,,,
10/24/2017,78,55,66.5,25.56,12.78,19.17,,,
10/25/2017,67,45,56,19.44,7.22,13.33,,,
10/26/2017,73,40,56.5,22.78,4.44,13.61,,,
10/27/2017,77,43,60,25.00,6.11,15.56,,,
10/28/2017,82,49,65.5,27.78,9.44,18.61,,,
10/29/2017,67,41,54,19.44,5.00,12.22,,,
10/30/2017,69,38,53.5,20.56,3.33,11.94,,,
10/31/2017,77,40,58.5,25.00,4.44,14.72,,,
11/1/2017,78,42,60,25.56,5.56,15.56,,,
11/2/2017,81,53,67,27.22,11.67,19.44,,,
11/3/2017,84,53,68.5,28.89,11.67,20.28,,,
11/4/2017,85,55,70,29.44,12.78,21.11,,,
11/5/2017,78,56,67,25.56,13.33,19.44,,,
11/6/2017,83,59,71,28.33,15.00,21.67,,,
11/7/2017,85,57,71,29.44,13.89,21.67,,,
11/8/2017,81,62,71.5,27.22,16.67,21.94,,,
11/9/2017,69,53,61,20.56,11.67,16.11,,,
11/10/2017,69,46,57.5,20.56,7.78,14.17,,,
11/11/2017,59,49,54,15.00,9.44,12.22,,,
11/12/2017,66,49,57.5,18.89,9.44,14.17,,,
11/13/2017,74,51,62.5,23.33,10.56,16.94,,,
11/14/2017,68,46,57,20.00,7.78,13.89,,,
11/15/2017,65,42,53.5,18.33,5.56,11.94,,,
11/16/2017,73,39,56,22.78,3.89,13.33,,,
11/17/2017,71,41,56,21.67,5.00,13.33,,,
11/18/2017,76,46,61,24.44,7.78,16.11,,,
11/19/2017,66,37,51.5,18.89,2.78,10.83,,,
11/20/2017,68,34,51,20.00,1.11,10.56,,,
11/21/2017,73,53,63,22.78,11.67,17.22,,,
11/22/2017,70,58,64,21.11,14.44,17.78,,,
11/23/2017,60,53,56.5,15.56,11.67,13.61,,,
11/24/2017,68,41,54.5,20.00,5.00,12.50,,,
11/25/2017,72,37,54.5,22.22,2.78,12.50,,,
11/26/2017,72,42,57,22.22,5.56,13.89,,,
11/27/2017,70,35,52.5,21.11,1.67,11.39,,,
11/28/2017,77,47,62,25.00,8.33,16.67,,,
11/29/2017,81,51,66,27.22,10.56,18.89,,,
11/30/2017,79,47,63,26.11,8.33,17.22,,,
12/1/2017,79,59,69,26.11,15.00,20.56,,,
12/2/2017,78,53,65.5,25.56,11.67,18.61,,,
12/3/2017,64,50,57,17.78,10.00,13.89,,,
12/4/2017,74,49,61.5,23.33,9.44,16.39,,,
12/5/2017,80,60,70,26.67,15.56,21.11,,,
12/6/2017,68,47,57.5,20.00,8.33,14.17,,,
12/7/2017,51,44,47.5,10.56,6.67,8.61,,,
12/8/2017,46,44,45,7.78,6.67,7.22,,,
12/9/2017,45,35,40,7.22,1.67,4.44,,,
12/10/2017,52,31,41.5,11.11,-0.56,5.28,,,
12/11/2017,63,29,46,17.22,-1.67,7.78,,,
12/12/2017,63,38,50.5,17.22,3.33,10.28,,,
12/13/2017,55,37,46,12.78,2.78,7.78,,,
12/14/2017,65,35,50,18.33,1.67,10.00,,,
12/15/2017,60,37,48.5,15.56,2.78,9.17,,,
12/16/2017,60,33,46.5,15.56,0.56,8.06,,,
12/17/2017,74,36,55,23.33,2.22,12.78,,,
12/18/2017,73,52,62.5,22.78,11.11,16.94,,,
12/19/2017,72,58,65,22.22,14.44,18.33,,,
12/20/2017,76,58,67,24.44,14.44,19.44,,,
12/21/2017,69,56,62.5,20.56,13.33,16.94,,,
12/22/2017,62,54,58,16.67,12.22,14.44,,,
12/23/2017,77,55,66,25.00,12.78,18.89,,,
12/24/2017,73,54,63.5,22.78,12.22,17.50,,,
12/25/2017,55,35,45,12.78,1.67,7.22,,,
12/26/2017,59,32,45.5,15.00,0.00,7.50,,,
12/27/2017,49,43,46,9.44,6.11,7.78,,,
12/28/2017,47,38,42.5,8.33,3.33,5.83,,,
12/29/2017,52,31,41.5,11.11,-0.56,5.28,,,
12/30/2017,57,30,43.5,13.89,-1.11,6.39,,,
12/31/2017,51,36,43.5,10.56,2.22,6.39,,,
1/1/2018,41,28,34.5,5.00,-2.22,1.39,,,
1/2/2018,40,22,31,4.44,-5.56,-0.56,,,
1/3/2018,40,23,31.5,4.44,-5.00,-0.28,,,
1/4/2018,45,28,36.5,7.22,-2.22,2.50,,,
1/5/2018,47,24,35.5,8.33,-4.44,1.94,,,
1/6/2018,47,26,36.5,8.33,-3.33,2.50,,,
1/7/2018,49,26,37.5,9.44,-3.33,3.06,,,
1/8/2018,66,32,49,18.89,0.00,9.44,,,
1/9/2018,70,54,62,21.11,12.22,16.67,,,
1/10/2018,76,56,66,24.44,13.33,18.89,,,
1/11/2018,74,64,69,23.33,17.78,20.56,,,
1/12/2018,67,52,59.5,19.44,11.11,15.28,,,
1/13/2018,52,32,42,11.11,0.00,5.56,,,
1/14/2018,51,29,40,10.56,-1.67,4.44,,,
1/15/2018,54,30,42,12.22,-1.11,5.56,,,
1/16/2018,63,27,45,17.22,-2.78,7.22,,,
1/17/2018,44,26,35,6.67,-3.33,1.67,,,
1/18/2018,50,22,36,10.00,-5.56,2.22,,,
1/19/2018,60,23,41.5,15.56,-5.00,5.28,,,
1/20/2018,64,29,46.5,17.78,-1.67,8.06,,,
1/21/2018,71,37,54,21.67,2.78,12.22,,,
1/22/2018,78,42,60,25.56,5.56,15.56,,,
1/23/2018,72,43,57.5,22.22,6.11,14.17,,,
1/24/2018,60,34,47,15.56,1.11,8.33,,,
1/25/2018,63,33,48,17.22,0.56,8.89,,,
1/26/2018,67,32,49.5,19.44,0.00,9.72,,,
1/27/2018,71,51,61,21.67,10.56,16.11,,,
1/28/2018,71,57,64,21.67,13.89,17.78,,,
1/29/2018,70,48,59,21.11,8.89,15.00,,,
1/30/2018,55,31,43,12.78,-0.56,6.11,,,
1/31/2018,61,27,44,16.11,-2.78,6.67,,,
2/1/2018,68,35,51.5,20.00,1.67,10.83,,,
2/2/2018,62,41,51.5,16.67,5.00,10.83,,,
2/3/2018,58,35,46.5,14.44,1.67,8.06,,,
2/4/2018,68,48,58,20.00,8.89,14.44,,,
2/5/2018,67,41,54,19.44,5.00,12.22,,,
2/6/2018,77,39,58,25.00,3.89,14.44,,,
2/7/2018,74,57,65.5,23.33,13.89,18.61,,,
2/8/2018,68,48,58,20.00,8.89,14.44,,,
2/9/2018,59,49,54,15.00,9.44,12.22,,,
2/10/2018,79,57,68,26.11,13.89,20.00,,,
2/11/2018,77,63,70,25.00,17.22,21.11,,,
2/12/2018,69,61,65,20.56,16.11,18.33,,,
2/13/2018,63,52,57.5,17.22,11.11,14.17,,,
2/14/2018,69,51,60,20.56,10.56,15.56,,,
2/15/2018,80,61,70.5,26.67,16.11,21.39,,,
2/16/2018,81,61,71,27.22,16.11,21.67,,,
2/17/2018,79,61,70,26.11,16.11,21.11,,,
2/18/2018,80,60,70,26.67,15.56,21.11,,,
2/19/2018,82,64,73,27.78,17.78,22.78,,,
2/20/2018,82,62,72,27.78,16.67,22.22,,,
2/21/2018,87,69,78,30.56,20.56,25.56,,,
2/22/2018,84,62,73,28.89,16.67,22.78,,,
2/23/2018,84,56,70,28.89,13.33,21.11,,,
2/24/2018,85,62,73.5,29.44,16.67,23.06,,,
2/25/2018,81,61,71,27.22,16.11,21.67,,,
2/26/2018,67,54,60.5,19.44,12.22,15.83,,,
2/27/2018,61,48,54.5,16.11,8.89,12.50,,,
2/28/2018,80,50,65,26.67,10.00,18.33,,,
3/1/2018,84,64,74,28.89,17.78,23.33,,,
3/2/2018,72,52,62,22.22,11.11,16.67,,,
3/3/2018,70,39,54.5,21.11,3.89,12.50,,,
3/4/2018,67,39,53,19.44,3.89,11.67,,,
3/5/2018,70,35,52.5,21.11,1.67,11.39,,,
3/6/2018,72,45,58.5,22.22,7.22,14.72,,,
3/7/2018,63,40,51.5,17.22,4.44,10.83,,,
3/8/2018,58,32,45,14.44,0.00,7.22,,,
3/9/2018,66,29,47.5,18.89,-1.67,8.61,,,
3/10/2018,71,34,52.5,21.67,1.11,11.39,,,
3/11/2018,76,41,58.5,24.44,5.00,14.72,,,
3/12/2018,58,39,48.5,14.44,3.89,9.17,,,
3/13/2018,61,34,47.5,16.11,1.11,8.61,,,
3/14/2018,60,34,47,15.56,1.11,8.33,,,
3/15/2018,69,29,49,20.56,-1.67,9.44,,,
3/16/2018,75,36,55.5,23.89,2.22,13.06,,,
3/17/2018,81,46,63.5,27.22,7.78,17.50,,,
3/18/2018,85,64,74.5,29.44,17.78,23.61,,,
3/19/2018,77,63,70,25.00,17.22,21.11,,,
3/20/2018,84,57,70.5,28.89,13.89,21.39,,,
3/21/2018,62,49,55.5,16.67,9.44,13.06,,,
3/22/2018,65,39,52,18.33,3.89,11.11,,,
3/23/2018,69,35,52,20.56,1.67,11.11,,,
3/24/2018,80,43,61.5,26.67,6.11,16.39,,,
3/25/2018,75,52,63.5,23.89,11.11,17.50,,,
3/26/2018,57,46,51.5,13.89,7.78,10.83,,,
3/27/2018,73,53,63,22.78,11.67,17.22,,,
3/28/2018,82,49,65.5,27.78,9.44,18.61,,,
3/29/2018,83,52,67.5,28.33,11.11,19.72,,,
3/30/2018,69,60,64.5,20.56,15.56,18.06,,,
3/31/2018,72,51,61.5,22.22,10.56,16.39,,,
4/1/2018,80,48,64,26.67,8.89,17.78,,,
4/2/2018,84,54,69,28.89,12.22,20.56,,,
4/3/2018,88,55,71.5,31.11,12.78,21.94,,,
4/4/2018,78,50,64,25.56,10.00,17.78,,,
4/5/2018,74,44,59,23.33,6.67,15.00,,,
4/6/2018,81,46,63.5,27.22,7.78,17.50,,,
4/7/2018,70,62,66,21.11,16.67,18.89,,,
4/8/2018,65,50,57.5,18.33,10.00,14.17,,,
4/9/2018,67,53,60,19.44,11.67,15.56,,,
4/10/2018,64,45,54.5,17.78,7.22,12.50,,,
4/11/2018,76,43,59.5,24.44,6.11,15.28,,,
4/12/2018,79,44,61.5,26.11,6.67,16.39,,,
4/13/2018,85,50,67.5,29.44,10.00,19.72,,,
4/14/2018,87,57,72,30.56,13.89,22.22,,,
4/15/2018,77,53,65,25.00,11.67,18.33,,,
4/16/2018,66,46,56,18.89,7.78,13.33,,,
4/17/2018,77,39,58,25.00,3.89,14.44,,,
4/18/2018,88,48,68,31.11,8.89,20.00,,,
4/19/2018,84,63,73.5,28.89,17.22,23.06,,,
4/20/2018,72,53,62.5,22.22,11.67,16.94,,,
4/21/2018,70,54,62,21.11,12.22,16.67,,,
4/22/2018,73,61,67,22.78,16.11,19.44,,,
4/23/2018,84,66,75,28.89,18.89,23.89,,,
4/24/2018,77,59,68,25.00,15.00,20.00,,,
4/25/2018,80,56,68,26.67,13.33,20.00,,,
4/26/2018,82,51,66.5,27.78,10.56,19.17,,,
4/27/2018,77,54,65.5,25.00,12.22,18.61,,,
4/28/2018,82,52,67,27.78,11.11,19.44,,,
4/29/2018,83,52,67.5,28.33,11.11,19.72,,,
4/30/2018,81,50,65.5,27.22,10.00,18.61,,,
5/1/2018,85,48,66.5,29.44,8.89,19.17,,,
5/2/2018,85,52,68.5,29.44,11.11,20.28,,,
5/3/2018,85,52,68.5,29.44,11.11,20.28,,,
5/4/2018,88,53,70.5,31.11,11.67,21.39,,,
5/5/2018,88,55,71.5,31.11,12.78,21.94,,,
5/6/2018,90,66,78,32.22,18.89,25.56,,,
5/7/2018,89,56,72.5,31.67,13.33,22.50,,,
5/8/2018,87,55,71,30.56,12.78,21.67,,,
5/9/2018,88,58,73,31.11,14.44,22.78,,,
5/10/2018,92,63,77.5,33.33,17.22,25.28,,,
5/11/2018,96,63,79.5,35.56,17.22,26.39,,,
5/12/2018,96,63,79.5,35.56,17.22,26.39,,,
5/13/2018,93,62,77.5,33.89,16.67,25.28,,,
5/14/2018,83,63,73,28.33,17.22,22.78,,,
5/15/2018,77,68,72.5,25.00,20.00,22.50,,,
5/16/2018,86,68,77,30.00,20.00,25.00,,,
5/17/2018,87,70,78.5,30.56,21.11,25.83,,,
5/18/2018,86,70,78,30.00,21.11,25.56,,,
5/19/2018,89,68,78.5,31.67,20.00,25.83,,,
5/20/2018,77,70,73.5,25.00,21.11,23.06,,,
5/21/2018,86,71,78.5,30.00,21.67,25.83,,,
5/22/2018,88,71,79.5,31.11,21.67,26.39,,,
5/23/2018,88,70,79,31.11,21.11,26.11,,,
5/24/2018,87,71,79,30.56,21.67,26.11,,,
5/25/2018,85,69,77,29.44,20.56,25.00,,,
5/26/2018,88,69,78.5,31.11,20.56,25.83,,,
5/27/2018,80,72,76,26.67,22.22,24.44,,,
5/28/2018,89,73,81,31.67,22.78,27.22,,,
5/29/2018,88,74,81,31.11,23.33,27.22,,,
5/30/2018,86,73,79.5,30.00,22.78,26.39,,,
5/31/2018,91,72,81.5,32.78,22.22,27.50,,,
6/1/2018,93,72,82.5,33.89,22.22,28.06,,,
6/2/2018,88,71,79.5,31.11,21.67,26.39,,,
6/3/2018,95,73,84,35.00,22.78,28.89,,,
6/4/2018,93,67,80,33.89,19.44,26.67,,,
6/5/2018,88,62,75,31.11,16.67,23.89,,,
6/6/2018,88,66,77,31.11,18.89,25.00,,,
6/7/2018,93,69,81,33.89,20.56,27.22,,,
6/8/2018,93,67,80,33.89,19.44,26.67,,,
6/9/2018,93,68,80.5,33.89,20.00,26.94,,,
6/10/2018,90,70,80,32.22,21.11,26.67,,,
6/11/2018,91,70,80.5,32.78,21.11,26.94,,,
6/12/2018,89,69,79,31.67,20.56,26.11,,,
6/13/2018,90,70,80,32.22,21.11,26.67,,,
6/14/2018,91,73,82,32.78,22.78,27.78,,,
6/15/2018,90,72,81,32.22,22.22,27.22,,,
6/16/2018,92,71,81.5,33.33,21.67,27.50,,,
6/17/2018,90,74,82,32.22,23.33,27.78,,,
6/18/2018,93,71,82,33.89,21.67,27.78,,,
6/19/2018,97,72,84.5,36.11,22.22,29.17,,,
6/20/2018,99,75,87,37.22,23.89,30.56,,,
6/21/2018,98,76,87,36.67,24.44,30.56,,,
6/22/2018,92,77,84.5,33.33,25.00,29.17,,,
6/23/2018,95,75,85,35.00,23.89,29.44,,,
6/24/2018,96,76,86,35.56,24.44,30.00,,,
6/25/2018,98,73,85.5,36.67,22.78,29.72,,,
6/26/2018,94,70,82,34.44,21.11,27.78,,,
6/27/2018,93,72,82.5,33.89,22.22,28.06,,,
6/28/2018,94,74,84,34.44,23.33,28.89,,,
6/29/2018,92,72,82,33.33,22.22,27.78,,,
6/30/2018,93,74,83.5,33.89,23.33,28.61,,,
7/1/2018,89,73,81,31.67,22.78,27.22,,,
7/2/2018,96,72,84,35.56,22.22,28.89,,,
7/3/2018,93,72,82.5,33.89,22.22,28.06,,,
7/4/2018,89,74,81.5,31.67,23.33,27.50,,,
7/5/2018,90,73,81.5,32.22,22.78,27.50,,,
7/6/2018,92,71,81.5,33.33,21.67,27.50,,,
7/7/2018,93,69,81,33.89,20.56,27.22,,,
7/8/2018,90,73,81.5,32.22,22.78,27.50,,,
7/9/2018,93,74,83.5,33.89,23.33,28.61,,,
7/10/2018,95,71,83,35.00,21.67,28.33,,,
7/11/2018,97,70,83.5,36.11,21.11,28.61,,,
7/12/2018,97,72,84.5,36.11,22.22,29.17,,,
7/13/2018,98,77,87.5,36.67,25.00,30.83,,,
7/14/2018,94,75,84.5,34.44,23.89,29.17,,,
7/15/2018,92,74,83,33.33,23.33,28.33,,,
7/16/2018,92,74,83,33.33,23.33,28.33,,,
7/17/2018,94,76,85,34.44,24.44,29.44,,,
7/18/2018,96,75,85.5,35.56,23.89,29.72,,,
7/19/2018,91,76,83.5,32.78,24.44,28.61,,,
7/20/2018,91,77,84,32.78,25.00,28.89,,,
7/21/2018,87,71,79,30.56,21.67,26.11,,,
7/22/2018,94,75,84.5,34.44,23.89,29.17,,,
7/23/2018,89,73,81,31.67,22.78,27.22,,,
7/24/2018,93,70,81.5,33.89,21.11,27.50,,,
7/25/2018,92,70,81,33.33,21.11,27.22,,,
7/26/2018,96,75,85.5,35.56,23.89,29.72,,,
7/27/2018,92,77,84.5,33.33,25.00,29.17,,,
7/28/2018,96,74,85,35.56,23.33,29.44,,,
7/29/2018,94,74,84,34.44,23.33,28.89,,,
8/1/2018,90,73,81.5,32.22,22.78,27.50,,,
8/2/2018,91,73,82,32.78,22.78,27.78,,,
8/3/2018,90,72,81,32.22,22.22,27.22,,,
8/4/2018,94,72,83,34.44,22.22,28.33,,,
8/5/2018,95,72,83.5,35.00,22.22,28.61,,,
8/6/2018,96,73,84.5,35.56,22.78,29.17,,,
8/7/2018,93,71,82,33.89,21.67,27.78,,,
8/8/2018,96,73,84.5,35.56,22.78,29.17,,,
8/9/2018,92,74,83,33.33,23.33,28.33,,,
8/10/2018,94,72,83,34.44,22.22,28.33,,,
8/11/2018,92,73,82.5,33.33,22.78,28.06,,,
8/12/2018,95,73,84,35.00,22.78,28.89,,,
8/13/2018,97,73,85,36.11,22.78,29.44,,,
8/14/2018,94,72,83,34.44,22.22,28.33,,,
8/15/2018,91,74,82.5,32.78,23.33,28.06,,,
8/16/2018,94,73,83.5,34.44,22.78,28.61,,,
8/17/2018,94,72,83,34.44,22.22,28.33,,,
8/18/2018,94,73,83.5,34.44,22.78,28.61,,,
8/19/2018,93,74,83.5,33.89,23.33,28.61,,,
8/20/2018,93,74,83.5,33.89,23.33,28.61,,,
8/21/2018,93,74,83.5,33.89,23.33,28.61,,,
8/22/2018,92,74,83,33.33,23.33,28.33,,,
8/23/2018,92,71,81.5,33.33,21.67,27.50,,,
8/24/2018,91,74,82.5,32.78,23.33,28.06,,,
8/25/2018,93,72,82.5,33.89,22.22,28.06,,,
8/26/2018,93,72,82.5,33.89,22.22,28.06,,,
8/27/2018,94,72,83,34.44,22.22,28.33,,,
8/28/2018,89,71,80,31.67,21.67,26.67,,,
8/29/2018,94,69,81.5,34.44,20.56,27.50,,,
8/30/2018,93,71,82,33.89,21.67,27.78,,,
8/31/2018,92,71,81.5,33.33,21.67,27.50,,,
9/1/2018,90,73,81.5,32.22,22.78,27.50,,,
9/2/2018,89,73,81,31.67,22.78,27.22,,,
9/3/2018,90,73,81.5,32.22,22.78,27.50,,,
9/4/2018,92,75,83.5,33.33,23.89,28.61,,,
9/5/2018,92,74,83,33.33,23.33,28.33,,,
9/6/2018,91,73,82,32.78,22.78,27.78,,,
9/7/2018,88,72,80,31.11,22.22,26.67,,,
9/8/2018,92,69,80.5,33.33,20.56,26.94,,,
9/9/2018,91,72,81.5,32.78,22.22,27.50,,,
9/10/2018,94,73,83.5,34.44,22.78,28.61,,,
9/11/2018,91,72,81.5,32.78,22.22,27.50,,,
9/12/2018,93,73,83,33.89,22.78,28.33,,,
9/13/2018,94,74,84,34.44,23.33,28.89,,,
9/14/2018,96,74,85,35.56,23.33,29.44,,,
9/15/2018,92,77,84.5,33.33,25.00,29.17,,,
9/16/2018,92,73,82.5,33.33,22.78,28.06,,,
9/17/2018,93,77,85,33.89,25.00,29.44,,,
9/18/2018,94,73,83.5,34.44,22.78,28.61,,,
9/19/2018,95,70,82.5,35.00,21.11,28.06,,,
9/20/2018,94,69,81.5,34.44,20.56,27.50,,,
9/21/2018,92,70,81,33.33,21.11,27.22,,,
9/22/2018,91,68,79.5,32.78,20.00,26.39,,,
9/23/2018,91,69,80,32.78,20.56,26.67,,,
9/24/2018,92,71,81.5,33.33,21.67,27.50,,,
9/25/2018,93,73,83,33.89,22.78,28.33,,,
9/26/2018,94,70,82,34.44,21.11,27.78,,,
9/27/2018,92,71,81.5,33.33,21.67,27.50,,,
9/28/2018,91,70,80.5,32.78,21.11,26.94,,,
9/29/2018,93,69,81,33.89,20.56,27.22,,,
9/30/2018,88,71,79.5,31.11,21.67,26.39,,,
10/1/2018,88,71,79.5,31.11,21.67,26.39,,,
10/2/2018,88,70,79,31.11,21.11,26.11,,,
10/3/2018,88,68,78,31.11,20.00,25.56,,,
10/4/2018,88,65,76.5,31.11,18.33,24.72,,,
10/5/2018,92,67,79.5,33.33,19.44,26.39,,,
10/6/2018,90,64,77,32.22,17.78,25.00,,,
10/7/2018,91,68,79.5,32.78,20.00,26.39,,,
10/8/2018,87,72,79.5,30.56,22.22,26.39,,,
10/9/2018,86,74,80,30.00,23.33,26.67,,,
10/10/2018,86,77,81.5,30.00,25.00,27.50,,,
10/11/2018,88,69,78.5,31.11,20.56,25.83,,,
10/12/2018,83,55,69,28.33,12.78,20.56,,,
10/13/2018,84,53,68.5,28.89,11.67,20.28,,,
10/14/2018,88,56,72,31.11,13.33,22.22,,,
10/15/2018,91,62,76.5,32.78,16.67,24.72,,,
10/16/2018,92,75,83.5,33.33,23.89,28.61,,,
10/17/2018,92,71,81.5,33.33,21.67,27.50,,,
10/18/2018,83,64,73.5,28.33,17.78,23.06,,,
10/19/2018,85,64,74.5,29.44,17.78,23.61,,,
10/20/2018,90,66,78,32.22,18.89,25.56,,,
10/21/2018,70,46,58,21.11,7.78,14.44,,,
10/22/2018,75,44,59.5,23.89,6.67,15.28,,,
10/23/2018,74,61,67.5,23.33,16.11,19.72,,,
10/24/2018,77,51,64,25.00,10.56,17.78,,,
10/25/2018,73,51,62,22.78,10.56,16.67,,,
10/26/2018,83,62,72.5,28.33,16.67,22.50,,,
10/27/2018,65,51,58,18.33,10.56,14.44,,,
10/28/2018,76,46,61,24.44,7.78,16.11,,,
10/29/2018,80,47,63.5,26.67,8.33,17.50,,,
10/30/2018,79,44,61.5,26.11,6.67,16.39,,,
10/31/2018,83,48,65.5,28.33,8.89,18.61,,,
11/1/2018,83,58,70.5,28.33,14.44,21.39,,,
11/2/2018,74,55,64.5,23.33,12.78,18.06,,,
11/3/2018,68,41,54.5,20.00,5.00,12.50,,,
11/4/2018,74,42,58,23.33,5.56,14.44,,,
11/5/2018,76,66,71,24.44,18.89,21.67,,,
11/6/2018,84,68,76,28.89,20.00,24.44,,,
11/7/2018,80,68,74,26.67,20.00,23.33,,,
11/8/2018,78,66,72,25.56,18.89,22.22,,,
11/9/2018,83,69,76,28.33,20.56,24.44,,,
11/10/2018,70,48,59,21.11,8.89,15.00,,,
11/11/2018,61,46,53.5,16.11,7.78,11.94,,,
11/12/2018,69,54,61.5,20.56,12.22,16.39,,,
11/13/2018,79,57,68,26.11,13.89,20.00,,,
11/14/2018,58,54,56,14.44,12.22,13.33,,,
11/15/2018,54,41,47.5,12.22,5.00,8.61,,,
11/16/2018,60,35,47.5,15.56,1.67,8.61,,,
11/17/2018,69,36,52.5,20.56,2.22,11.39,,,
11/18/2018,75,44,59.5,23.89,6.67,15.28,,,
11/19/2018,69,53,61,20.56,11.67,16.11,,,
11/20/2018,72,53,62.5,22.22,11.67,16.94,,,
11/21/2018,66,40,53,18.89,4.44,11.67,,,
11/22/2018,63,37,50,17.22,2.78,10.00,,,
11/23/2018,59,48,53.5,15.00,8.89,11.94,,,
11/24/2018,69,50,59.5,20.56,10.00,15.28,,,
11/25/2018,60,46,53,15.56,7.78,11.67,,,
11/26/2018,69,45,57,20.56,7.22,13.89,,,
11/27/2018,51,36,43.5,10.56,2.22,6.39,,,
11/28/2018,54,32,43,12.22,0.00,6.11,,,
11/29/2018,64,33,48.5,17.78,0.56,9.17,,,
11/30/2018,72,37,54.5,22.22,2.78,12.50,,,
12/1/2018,69,55,62,20.56,12.78,16.67,,,
12/2/2018,73,65,69,22.78,18.33,20.56,,,
12/3/2018,72,55,63.5,22.22,12.78,17.50,,,
12/4/2018,62,39,50.5,16.67,3.89,10.28,,,
12/5/2018,54,34,44,12.22,1.11,6.67,,,
12/6/2018,53,30,41.5,11.67,-1.11,5.28,,,
12/7/2018,63,33,48,17.22,0.56,8.89,,,
12/8/2018,55,40,47.5,12.78,4.44,8.61,,,
12/9/2018,64,41,52.5,17.78,5.00,11.39,,,
12/10/2018,46,39,42.5,7.78,3.89,5.83,,,
12/11/2018,56,38,47,13.33,3.33,8.33,,,
12/12/2018,62,29,45.5,16.67,-1.67,7.50,,,
12/13/2018,65,36,50.5,18.33,2.22,10.28,,,
12/14/2018,67,60,63.5,19.44,15.56,17.50,,,
12/15/2018,67,54,60.5,19.44,12.22,15.83,,,
12/16/2018,57,46,51.5,13.89,7.78,10.83,,,
12/17/2018,62,43,52.5,16.67,6.11,11.39,,,
12/18/2018,66,36,51,18.89,2.22,10.56,,,
12/19/2018,57,42,49.5,13.89,5.56,9.72,,,
12/20/2018,66,54,60,18.89,12.22,15.56,,,
12/21/2018,63,47,55,17.22,8.33,12.78,,,
12/22/2018,58,36,47,14.44,2.22,8.33,,,
12/23/2018,65,32,48.5,18.33,0.00,9.17,,,
12/24/2018,62,36,49,16.67,2.22,9.44,,,
12/25/2018,64,32,48,17.78,0.00,8.89,,,
12/26/2018,66,39,52.5,18.89,3.89,11.39,,,
12/27/2018,70,51,60.5,21.11,10.56,15.83,,,
12/28/2018,78,63,70.5,25.56,17.22,21.39,,,
12/29/2018,69,62,65.5,20.56,16.67,18.61,,,
12/30/2018,80,64,72,26.67,17.78,22.22,,,
12/31/2018,79,65,72,26.11,18.33,22.22,,,
1/1/2019,82,64,73,27.78,17.78,22.78,,,
1/2/2019,73,60,66.5,22.78,15.56,19.17,,,
1/3/2019,73,59,66,22.78,15.00,18.89,,,
1/4/2019,69,54,61.5,20.56,12.22,16.39,,,
1/5/2019,62,44,53,16.67,6.67,11.67,,,
1/6/2019,71,40,55.5,21.67,4.44,13.06,,,
1/7/2019,74,40,57,23.33,4.44,13.89,,,
1/8/2019,72,48,60,22.22,8.89,15.56,,,
1/9/2019,61,46,53.5,16.11,7.78,11.94,,,
1/10/2019,55,32,43.5,12.78,0.00,6.39,,,
1/11/2019,59,31,45,15.00,-0.56,7.22,,,
1/12/2019,65,45,55,18.33,7.22,12.78,,,
1/13/2019,69,50,59.5,20.56,10.00,15.28,,,
1/14/2019,50,40,45,10.00,4.44,7.22,,,
1/15/2019,53,36,44.5,11.67,2.22,6.94,,,
1/16/2019,61,34,47.5,16.11,1.11,8.61,,,
1/17/2019,66,32,49,18.89,0.00,9.44,,,
1/18/2019,64,47,55.5,17.78,8.33,13.06,,,
1/19/2019,76,55,65.5,24.44,12.78,18.61,,,
1/20/2019,64,39,51.5,17.78,3.89,10.83,,,
1/21/2019,51,32,41.5,10.56,0.00,5.28,,,
1/22/2019,63,33,48,17.22,0.56,8.89,,,
1/23/2019,76,50,63,24.44,10.00,17.22,,,
1/24/2019,67,40,53.5,19.44,4.44,11.94,,,
1/25/2019,58,37,47.5,14.44,2.78,8.61,,,
1/26/2019,56,29,42.5,13.33,-1.67,5.83,,,
1/27/2019,53,36,44.5,11.67,2.22,6.94,,,
1/28/2019,61,34,47.5,16.11,1.11,8.61,,,
1/29/2019,57,38,47.5,13.89,3.33,8.61,,,
1/30/2019,49,29,39,9.44,-1.67,3.89,,,
1/31/2019,55,28,41.5,12.78,-2.22,5.28,,,
2/1/2019,64,34,49,17.78,1.11,9.44,,,
2/2/2019,64,52,58,17.78,11.11,14.44,,,
2/3/2019,63,51,57,17.22,10.56,13.89,,,
2/4/2019,69,44,56.5,20.56,6.67,13.61,,,
2/5/2019,78,46,62,25.56,7.78,16.67,,,
2/6/2019,81,50,65.5,27.22,10.00,18.61,,,
2/7/2019,82,52,67,27.78,11.11,19.44,,,
2/8/2019,76,52,64,24.44,11.11,17.78,,,
2/9/2019,67,45,56,19.44,7.22,13.33,,,
2/10/2019,60,49,54.5,15.56,9.44,12.50,,,
2/11/2019,77,50,63.5,25.00,10.00,17.50,,,
2/12/2019,81,56,68.5,27.22,13.33,20.28,,,
2/13/2019,61,38,49.5,16.11,3.33,9.72,,,
2/14/2019,68,33,50.5,20.00,0.56,10.28,,,
2/15/2019,73,41,57,22.78,5.00,13.89,,,
2/16/2019,75,59,67,23.89,15.00,19.44,,,
2/17/2019,82,60,71,27.78,15.56,21.67,,,
2/18/2019,71,56,63.5,21.67,13.33,17.50,,,
2/19/2019,61,48,54.5,16.11,8.89,12.50,,,
2/20/2019,72,48,60,22.22,8.89,15.56,,,
2/21/2019,85,64,74.5,29.44,17.78,23.61,,,
2/22/2019,84,57,70.5,28.89,13.89,21.39,,,
2/23/2019,79,61,70,26.11,16.11,21.11,,,
2/24/2019,76,57,66.5,24.44,13.89,19.17,,,
2/25/2019,70,46,58,21.11,7.78,14.44,,,
2/26/2019,73,44,58.5,22.78,6.67,14.72,,,
2/27/2019,73,51,62,22.78,10.56,16.67,,,
2/28/2019,70,53,61.5,21.11,11.67,16.39,,,
3/1/2019,67,60,63.5,19.44,15.56,17.50,,,
3/2/2019,78,59,68.5,25.56,15.00,20.28,,,
3/3/2019,80,65,72.5,26.67,18.33,22.50,,,
3/4/2019,66,43,54.5,18.89,6.11,12.50,,,
3/5/2019,56,39,47.5,13.33,3.89,8.61,,,
3/6/2019,55,33,44,12.78,0.56,6.67,,,
3/7/2019,65,31,48,18.33,-0.56,8.89,,,
3/8/2019,77,40,58.5,25.00,4.44,14.72,,,
3/9/2019,81,48,64.5,27.22,8.89,18.06,,,
3/10/2019,86,59,72.5,30.00,15.00,22.50,,,
3/11/2019,80,60,70,26.67,15.56,21.11,,,
3/12/2019,76,50,63,24.44,10.00,17.22,,,
3/13/2019,77,50,63.5,25.00,10.00,17.50,,,
3/14/2019,83,56,69.5,28.33,13.33,20.83,,,
3/15/2019,86,62,74,30.00,16.67,23.33,,,
3/16/2019,65,51,58,18.33,10.56,14.44,,,
3/17/2019,61,47,54,16.11,8.33,12.22,,,
3/18/2019,68,38,53,20.00,3.33,11.67,,,
3/19/2019,64,49,56.5,17.78,9.44,13.61,,,
3/20/2019,67,40,53.5,19.44,4.44,11.94,,,
3/21/2019,72,36,54,22.22,2.22,12.22,,,
3/22/2019,73,42,57.5,22.78,5.56,14.17,,,
3/23/2019,77,38,57.5,25.00,3.33,14.17,,,
3/24/2019,79,43,61,26.11,6.11,16.11,,,
3/25/2019,77,53,65,25.00,11.67,18.33,,,
3/26/2019,74,53,63.5,23.33,11.67,17.50,,,
3/27/2019,66,47,56.5,18.89,8.33,13.61,,,
3/28/2019,75,45,60,23.89,7.22,15.56,,,
3/29/2019,77,41,59,25.00,5.00,15.00,,,
3/30/2019,81,50,65.5,27.22,10.00,18.61,,,
3/31/2019,75,54,64.5,23.89,12.22,18.06,,,
4/1/2019,59,49,54,15.00,9.44,12.22,,,
4/2/2019,62,43,52.5,16.67,6.11,11.39,,,
4/3/2019,73,38,55.5,22.78,3.33,13.06,,,
4/4/2019,78,45,61.5,25.56,7.22,16.39,,,
4/5/2019,81,60,70.5,27.22,15.56,21.39,,,
4/6/2019,80,64,72,26.67,17.78,22.22,,,
4/7/2019,84,64,74,28.89,17.78,23.33,,,
4/8/2019,87,66,76.5,30.56,18.89,24.72,,,
4/9/2019,82,65,73.5,27.78,18.33,23.06,,,
4/10/2019,84,64,74,28.89,17.78,23.33,,,
4/11/2019,85,61,73,29.44,16.11,22.78,,,
4/12/2019,86,69,77.5,30.00,20.56,25.28,,,
4/13/2019,87,66,76.5,30.56,18.89,24.72,,,
4/14/2019,82,69,75.5,27.78,20.56,24.17,,,
4/15/2019,73,49,61,22.78,9.44,16.11,,,
4/16/2019,80,44,62,26.67,6.67,16.67,,,
4/17/2019,82,51,66.5,27.78,10.56,19.17,,,
4/18/2019,86,61,73.5,30.00,16.11,23.06,,,
4/19/2019,79,57,68,26.11,13.89,20.00,,,
4/20/2019,69,48,58.5,20.56,8.89,14.72,,,
4/21/2019,76,47,61.5,24.44,8.33,16.39,,,
4/22/2019,84,44,64,28.89,6.67,17.78,,,
4/23/2019,88,49,68.5,31.11,9.44,20.28,,,
4/24/2019,88,56,72,31.11,13.33,22.22,,,
4/25/2019,85,54,69.5,29.44,12.22,20.83,,,
4/26/2019,82,52,67,27.78,11.11,19.44,,,
4/27/2019,83,45,64,28.33,7.22,17.78,,,
4/28/2019,87,48,67.5,30.56,8.89,19.72,,,
4/29/2019,89,55,72,31.67,12.78,22.22,,,
4/30/2019,89,57,73,31.67,13.89,22.78,,,
5/1/2019,89,64,76.5,31.67,17.78,24.72,,,
5/2/2019,88,63,75.5,31.11,17.22,24.17,,,
5/3/2019,89,70,79.5,31.67,21.11,26.39,,,
5/4/2019,90,68,79,32.22,20.00,26.11,,,
5/5/2019,84,69,76.5,28.89,20.56,24.72,,,
5/6/2019,87,60,73.5,30.56,15.56,23.06,,,
5/7/2019,90,57,73.5,32.22,13.89,23.06,,,
5/8/2019,88,66,77,31.11,18.89,25.00,,,
5/9/2019,89,64,76.5,31.67,17.78,24.72,,,
5/10/2019,89,68,78.5,31.67,20.00,25.83,,,
5/11/2019,90,65,77.5,32.22,18.33,25.28,,,
5/12/2019,86,68,77,30.00,20.00,25.00,,,
5/13/2019,85,63,74,29.44,17.22,23.33,,,
5/14/2019,81,54,67.5,27.22,12.22,19.72,,,
5/15/2019,84,53,68.5,28.89,11.67,20.28,,,
5/16/2019,87,58,72.5,30.56,14.44,22.50,,,
5/17/2019,92,65,78.5,33.33,18.33,25.83,,,
5/18/2019,94,66,80,34.44,18.89,26.67,,,
5/19/2019,92,63,77.5,33.33,17.22,25.28,,,
5/20/2019,93,65,79,33.89,18.33,26.11,,,
5/21/2019,96,65,80.5,35.56,18.33,26.94,,,
5/22/2019,95,70,82.5,35.00,21.11,28.06,,,
5/23/2019,93,67,80,33.89,19.44,26.67,,,
5/24/2019,96,62,79,35.56,16.67,26.11,,,
5/25/2019,100,67,83.5,37.78,19.44,28.61,,,
5/26/2019,101,70,85.5,38.33,21.11,29.72,,,
5/27/2019,100,72,86,37.78,22.22,30.00,,,
5/28/2019,100,72,86,37.78,22.22,30.00,,,
5/29/2019,99,71,85,37.22,21.67,29.44,,,
5/30/2019,98,71,84.5,36.67,21.67,29.17,,,
5/31/2019,96,74,85,35.56,23.33,29.44,,,
6/1/2019,97,68,82.5,36.11,20.00,28.06,,,
6/2/2019,98,66,82,36.67,18.89,27.78,,,
6/3/2019,100,64,82,37.78,17.78,27.78,,,
6/4/2019,101,68,84.5,38.33,20.00,29.17,,,
6/5/2019,96,72,84,35.56,22.22,28.89,,,
6/6/2019,89,73,81,31.67,22.78,27.22,,,
6/7/2019,90,74,82,32.22,23.33,27.78,,,
6/8/2019,90,74,82,32.22,23.33,27.78,,,
6/9/2019,87,71,79,30.56,21.67,26.11,,,
6/10/2019,90,71,80.5,32.22,21.67,26.94,,,
6/11/2019,91,71,81,32.78,21.67,27.22,,,
6/12/2019,83,72,77.5,28.33,22.22,25.28,,,
6/13/2019,85,67,76,29.44,19.44,24.44,,,
6/14/2019,88,61,74.5,31.11,16.11,23.61,,,
6/15/2019,91,61,76,32.78,16.11,24.44,,,
6/16/2019,95,68,81.5,35.00,20.00,27.50,,,
6/17/2019,94,70,82,34.44,21.11,27.78,,,
6/18/2019,93,70,81.5,33.89,21.11,27.50,,,
6/19/2019,90,73,81.5,32.22,22.78,27.50,,,
6/20/2019,95,71,83,35.00,21.67,28.33,,,
6/21/2019,95,73,84,35.00,22.78,28.89,,,
6/22/2019,96,71,83.5,35.56,21.67,28.61,,,
6/23/2019,95,70,82.5,35.00,21.11,28.06,,,
6/24/2019,95,68,81.5,35.00,20.00,27.50,,,
6/25/2019,95,73,84,35.00,22.78,28.89,,,
6/26/2019,94,71,82.5,34.44,21.67,28.06,,,
6/27/2019,93,68,80.5,33.89,20.00,26.94,,,
6/28/2019,91,68,79.5,32.78,20.00,26.39,,,
6/29/2019,90,71,80.5,32.22,21.67,26.94,,,
6/30/2019,92,68,80,33.33,20.00,26.67,,,
7/1/2019,98,74,86,36.67,23.33,30.00,,,
7/2/2019,99,76,87.5,37.22,24.44,30.83,,,
7/3/2019,101,76,88.5,38.33,24.44,31.39,,,
7/4/2019,97,74,85.5,36.11,23.33,29.72,,,
7/5/2019,95,73,84,35.00,22.78,28.89,,,
7/6/2019,87,73,80,30.56,22.78,26.67,,,
7/7/2019,95,75,85,35.00,23.89,29.44,,,
7/8/2019,95,73,84,35.00,22.78,28.89,,,
7/9/2019,93,75,84,33.89,23.89,28.89,,,
7/10/2019,94,76,85,34.44,24.44,29.44,,,
7/11/2019,95,74,84.5,35.00,23.33,29.17,,,
7/12/2019,94,75,84.5,34.44,23.89,29.17,,,
7/13/2019,87,74,80.5,30.56,23.33,26.94,,,
7/14/2019,96,74,85,35.56,23.33,29.44,,,
7/15/2019,97,72,84.5,36.11,22.22,29.17,,,
7/16/2019,99,73,86,37.22,22.78,30.00,,,
7/17/2019,98,74,86,36.67,23.33,30.00,,,
7/18/2019,97,74,85.5,36.11,23.33,29.72,,,
7/19/2019,95,71,83,35.00,21.67,28.33,,,
7/20/2019,93,71,82,33.89,21.67,27.78,,,
7/21/2019,95,72,83.5,35.00,22.22,28.61,,,
7/22/2019,93,70,81.5,33.89,21.11,27.50,,,
7/23/2019,93,73,83,33.89,22.78,28.33,,,
7/24/2019,86,71,78.5,30.00,21.67,25.83,,,
7/25/2019,91,68,79.5,32.78,20.00,26.39,,,
7/26/2019,89,66,77.5,31.67,18.89,25.28,,,
7/27/2019,91,67,79,32.78,19.44,26.11,,,
7/28/2019,89,68,78.5,31.67,20.00,25.83,,,
7/29/2019,93,66,79.5,33.89,18.89,26.39,,,
7/30/2019,95,66,80.5,35.00,18.89,26.94,,,
7/31/2019,96,69,82.5,35.56,20.56,28.06,,,
